Code Domaine,Domaine,Code zone,Zone,Code Élément,Élément,Code Produit,Produit,Code année,Année,Unité,Valeur,Symbole,Description du Symbole,Note
"MK","Indicateurs macro","2","Afghanistan","6110","Valeur (US $)","22008","Produit Intérieur Brut","2017","2017","millions","21515.502135","X","Sources internationales sûres","Data from UNSD AMA"
"MK","Indicateurs macro","2","Afghanistan","6110","Valeur (US $)","22008","Produit Intérieur Brut","2018","2018","millions","20513.883243","X","Sources internationales sûres","Data from UNSD AMA"
"MK","Indicateurs macro","202","Afrique du Sud","6110","Valeur (US $)","22008","Produit Intérieur Brut","2017","2017","millions","349006.695043","X","Sources internationales sûres","Data from UNSD AMA"
"MK","Indicateurs macro","202","Afrique du Sud","6110","Valeur (US $)","22008","Produit Intérieur Brut","2018","2018","millions","368093.93237","X","Sources internationales sûres","Data from UNSD AMA"
"MK","Indicateurs macro","3","Albanie","6110","Valeur (US $)","22008","Produit Intérieur Brut","2017","2017","millions","13025.068581","X","Sources internationales sûres","Data from UNSD AMA"
"MK","Indicateurs macro","3","Albanie","6110","Valeur (US $)","22008","Produit Intérieur Brut","2018","2018","millions","15058.88377","X","Sources internationales sûres","Data from UNSD AMA"
"MK","Indicateurs macro","4","Algérie","6110","Valeur (US $)","22008","Produit Intérieur Brut","2017","2017","millions","167389.890425","X","Sources internationales sûres","Data from UNSD AMA"
"MK","Indicateurs macro","4","Algérie","6110","Valeur (US $)","22008","Produit Intérieur Brut","2018","2018","millions","173757.487516","X","Sources internationales sûres","Data from UNSD AMA"
"MK","Indicateurs macro","79","Allemagne","6110","Valeur (US $)","22008","Produit Intérieur Brut","2017","2017","millions","3665804.120835","X","Sources internationales sûres","Data from UNSD AMA"
"MK","Indicateurs macro","79","Allemagne","6110","Valeur (US $)","22008","Produit Intérieur Brut","2018","2018","millions","3949548.833953","X","Sources internationales sûres","Data from UNSD AMA"
"MK","Indicateurs macro","6","Andorre","6110","Valeur (US $)","22008","Produit Intérieur Brut","2017","2017","millions","3020.852315","X","Sources internationales sûres","Data from UNSD AMA"
"MK","Indicateurs macro","6","Andorre","6110","Valeur (US $)","22008","Produit Intérieur Brut","2018","2018","millions","3238.225156","X","Sources internationales sûres","Data from UNSD AMA"
"MK","Indicateurs macro","7","Angola","6110","Valeur (US $)","22008","Produit Intérieur Brut","2017","2017","millions","122123.858628","X","Sources internationales sûres","Data from UNSD AMA"
"MK","Indicateurs macro","7","Angola","6110","Valeur (US $)","22008","Produit Intérieur Brut","2018","2018","millions","105902.340903","X","Sources internationales sûres","Data from UNSD AMA"
"MK","Indicateurs macro","258","Anguilla","6110","Valeur (US $)","22008","Produit Intérieur Brut","2017","2017","millions","281.19311","X","Sources internationales sûres","Data from UNSD AMA"
"MK","Indicateurs macro","258","Anguilla","6110","Valeur (US $)","22008","Produit Intérieur Brut","2018","2018","millions","293.010293","X","Sources internationales sûres","Data from UNSD AMA"
"MK","Indicateurs macro","8","Antigua-et-Barbuda","6110","Valeur (US $)","22008","Produit Intérieur Brut","2017","2017","millions","1467.977778","X","Sources internationales sûres","Data from UNSD AMA"
"MK","Indicateurs macro","8","Antigua-et-Barbuda","6110","Valeur (US $)","22008","Produit Intérieur Brut","2018","2018","millions","1610.574074","X","Sources internationales sûres","Data from UNSD AMA"
"MK","Indicateurs macro","194","Arabie saoudite","6110","Valeur (US $)","22008","Produit Intérieur Brut","2017","2017","millions","688586.244286","X","Sources internationales sûres","Data from UNSD AMA"
"MK","Indicateurs macro","194","Arabie saoudite","6110","Valeur (US $)","22008","Produit Intérieur Brut","2018","2018","millions","782483.493531","X","Sources internationales sûres","Data from UNSD AMA"
"MK","Indicateurs macro","9","Argentine","6110","Valeur (US $)","22008","Produit Intérieur Brut","2017","2017","millions","642695.596034","X","Sources internationales sûres","Data from UNSD AMA"
"MK","Indicateurs macro","9","Argentine","6110","Valeur (US $)","22008","Produit Intérieur Brut","2018","2018","millions","518475.287872","X","Sources internationales sûres","Data from UNSD AMA"
"MK","Indicateurs macro","1","Arménie","6110","Valeur (US $)","22008","Produit Intérieur Brut","2017","2017","millions","11527.458713","X","Sources internationales sûres","Data from UNSD AMA"
"MK","Indicateurs macro","1","Arménie","6110","Valeur (US $)","22008","Produit Intérieur Brut","2018","2018","millions","12433.142778","X","Sources internationales sûres","Data from UNSD AMA"
"MK","Indicateurs macro","22","Aruba","6110","Valeur (US $)","22008","Produit Intérieur Brut","2017","2017","millions","3056.206704","X","Sources internationales sûres","Data from UNSD AMA"
"MK","Indicateurs macro","22","Aruba","6110","Valeur (US $)","22008","Produit Intérieur Brut","2018","2018","millions","3203.132961","X","Sources internationales sûres","Data from UNSD AMA"
"MK","Indicateurs macro","10","Australie","6110","Valeur (US $)","22008","Produit Intérieur Brut","2017","2017","millions","1416105.432089","X","Sources internationales sûres","Data from UNSD AMA"
"MK","Indicateurs macro","10","Australie","6110","Valeur (US $)","22008","Produit Intérieur Brut","2018","2018","millions","1453870.54738","X","Sources internationales sûres","Data from UNSD AMA"
"MK","Indicateurs macro","11","Autriche","6110","Valeur (US $)","22008","Produit Intérieur Brut","2017","2017","millions","418316.161096","X","Sources internationales sûres","Data from UNSD AMA"
"MK","Indicateurs macro","11","Autriche","6110","Valeur (US $)","22008","Produit Intérieur Brut","2018","2018","millions","455508.255028","X","Sources internationales sûres","Data from UNSD AMA"
"MK","Indicateurs macro","52","Azerbaïdjan","6110","Valeur (US $)","22008","Produit Intérieur Brut","2017","2017","millions","40866.632048","X","Sources internationales sûres","Data from UNSD AMA"
"MK","Indicateurs macro","52","Azerbaïdjan","6110","Valeur (US $)","22008","Produit Intérieur Brut","2018","2018","millions","46939.128048","X","Sources internationales sûres","Data from UNSD AMA"
"MK","Indicateurs macro","12","Bahamas","6110","Valeur (US $)","22008","Produit Intérieur Brut","2017","2017","millions","12150.4","X","Sources internationales sûres","Data from UNSD AMA"
"MK","Indicateurs macro","12","Bahamas","6110","Valeur (US $)","22008","Produit Intérieur Brut","2018","2018","millions","12424.5","X","Sources internationales sûres","Data from UNSD AMA"
"MK","Indicateurs macro","13","Bahreïn","6110","Valeur (US $)","22008","Produit Intérieur Brut","2017","2017","millions","35432.666386","X","Sources internationales sûres","Data from UNSD AMA"
"MK","Indicateurs macro","13","Bahreïn","6110","Valeur (US $)","22008","Produit Intérieur Brut","2018","2018","millions","37876.302426","X","Sources internationales sûres","Data from UNSD AMA"
"MK","Indicateurs macro","16","Bangladesh","6110","Valeur (US $)","22008","Produit Intérieur Brut","2017","2017","millions","245633.488923","X","Sources internationales sûres","Data from UNSD AMA"
"MK","Indicateurs macro","16","Bangladesh","6110","Valeur (US $)","22008","Produit Intérieur Brut","2018","2018","millions","269627.615528","X","Sources internationales sûres","Data from UNSD AMA"
"MK","Indicateurs macro","14","Barbade","6110","Valeur (US $)","22008","Produit Intérieur Brut","2017","2017","millions","4978.153889","X","Sources internationales sûres","Data from UNSD AMA"
"MK","Indicateurs macro","14","Barbade","6110","Valeur (US $)","22008","Produit Intérieur Brut","2018","2018","millions","5086.693295","X","Sources internationales sûres","Data from UNSD AMA"
"MK","Indicateurs macro","57","Bélarus","6110","Valeur (US $)","22008","Produit Intérieur Brut","2017","2017","millions","54725.418814","X","Sources internationales sûres","Data from UNSD AMA"
"MK","Indicateurs macro","57","Bélarus","6110","Valeur (US $)","22008","Produit Intérieur Brut","2018","2018","millions","59662.253541","X","Sources internationales sûres","Data from UNSD AMA"
"MK","Indicateurs macro","255","Belgique","6110","Valeur (US $)","22008","Produit Intérieur Brut","2017","2017","millions","504250.025367","X","Sources internationales sûres","Data from UNSD AMA"
"MK","Indicateurs macro","255","Belgique","6110","Valeur (US $)","22008","Produit Intérieur Brut","2018","2018","millions","543026.266507","X","Sources internationales sûres","Data from UNSD AMA"
"MK","Indicateurs macro","23","Belize","6110","Valeur (US $)","22008","Produit Intérieur Brut","2017","2017","millions","1836.593466","X","Sources internationales sûres","Data from UNSD AMA"
"MK","Indicateurs macro","23","Belize","6110","Valeur (US $)","22008","Produit Intérieur Brut","2018","2018","millions","1871.203164","X","Sources internationales sûres","Data from UNSD AMA"
"MK","Indicateurs macro","53","Bénin","6110","Valeur (US $)","22008","Produit Intérieur Brut","2017","2017","millions","9269.331673","X","Sources internationales sûres","Data from UNSD AMA"
"MK","Indicateurs macro","53","Bénin","6110","Valeur (US $)","22008","Produit Intérieur Brut","2018","2018","millions","10411.63717","X","Sources internationales sûres","Data from UNSD AMA"
"MK","Indicateurs macro","17","Bermudes","6110","Valeur (US $)","22008","Produit Intérieur Brut","2017","2017","millions","6269.384044","X","Sources internationales sûres","Data from UNSD AMA"
"MK","Indicateurs macro","17","Bermudes","6110","Valeur (US $)","22008","Produit Intérieur Brut","2018","2018","millions","6351.4","X","Sources internationales sûres","Data from UNSD AMA"
"MK","Indicateurs macro","18","Bhoutan","6110","Valeur (US $)","22008","Produit Intérieur Brut","2017","2017","millions","2528.009185","X","Sources internationales sûres","Data from UNSD AMA"
"MK","Indicateurs macro","18","Bhoutan","6110","Valeur (US $)","22008","Produit Intérieur Brut","2018","2018","millions","2658.312058","X","Sources internationales sûres","Data from UNSD AMA"
"MK","Indicateurs macro","19","Bolivie (État plurinational de)","6110","Valeur (US $)","22008","Produit Intérieur Brut","2017","2017","millions","37508.683068","X","Sources internationales sûres","Data from UNSD AMA"
"MK","Indicateurs macro","19","Bolivie (État plurinational de)","6110","Valeur (US $)","22008","Produit Intérieur Brut","2018","2018","millions","40287.647931","X","Sources internationales sûres","Data from UNSD AMA"
"MK","Indicateurs macro","80","Bosnie-Herzégovine","6110","Valeur (US $)","22008","Produit Intérieur Brut","2017","2017","millions","18080.610875","X","Sources internationales sûres","Data from UNSD AMA"
"MK","Indicateurs macro","80","Bosnie-Herzégovine","6110","Valeur (US $)","22008","Produit Intérieur Brut","2018","2018","millions","19781.95002","X","Sources internationales sûres","Data from UNSD AMA"
"MK","Indicateurs macro","20","Botswana","6110","Valeur (US $)","22008","Produit Intérieur Brut","2017","2017","millions","17405.50354","X","Sources internationales sûres","Data from UNSD AMA"
"MK","Indicateurs macro","20","Botswana","6110","Valeur (US $)","22008","Produit Intérieur Brut","2018","2018","millions","18614.604731","X","Sources internationales sûres","Data from UNSD AMA"
"MK","Indicateurs macro","21","Brésil","6110","Valeur (US $)","22008","Produit Intérieur Brut","2017","2017","millions","2053601.668106","X","Sources internationales sûres","Data from UNSD AMA"
"MK","Indicateurs macro","21","Brésil","6110","Valeur (US $)","22008","Produit Intérieur Brut","2018","2018","millions","1868613.092297","X","Sources internationales sûres","Data from UNSD AMA"
"MK","Indicateurs macro","26","Brunéi Darussalam","6110","Valeur (US $)","22008","Produit Intérieur Brut","2017","2017","millions","12128.166606","X","Sources internationales sûres","Data from UNSD AMA"
"MK","Indicateurs macro","26","Brunéi Darussalam","6110","Valeur (US $)","22008","Produit Intérieur Brut","2018","2018","millions","13566.912772","X","Sources internationales sûres","Data from UNSD AMA"
"MK","Indicateurs macro","27","Bulgarie","6110","Valeur (US $)","22008","Produit Intérieur Brut","2017","2017","millions","58951.51617","X","Sources internationales sûres","Data from UNSD AMA"
"MK","Indicateurs macro","27","Bulgarie","6110","Valeur (US $)","22008","Produit Intérieur Brut","2018","2018","millions","66199.180266","X","Sources internationales sûres","Data from UNSD AMA"
"MK","Indicateurs macro","233","Burkina Faso","6110","Valeur (US $)","22008","Produit Intérieur Brut","2017","2017","millions","14169.989423","X","Sources internationales sûres","Data from UNSD AMA"
"MK","Indicateurs macro","233","Burkina Faso","6110","Valeur (US $)","22008","Produit Intérieur Brut","2018","2018","millions","16199.647536","X","Sources internationales sûres","Data from UNSD AMA"
"MK","Indicateurs macro","29","Burundi","6110","Valeur (US $)","22008","Produit Intérieur Brut","2017","2017","millions","3217.01681","X","Sources internationales sûres","Data from UNSD AMA"
"MK","Indicateurs macro","29","Burundi","6110","Valeur (US $)","22008","Produit Intérieur Brut","2018","2018","millions","3285.1503","X","Sources internationales sûres","Data from UNSD AMA"
"MK","Indicateurs macro","35","Cabo Verde","6110","Valeur (US $)","22008","Produit Intérieur Brut","2017","2017","millions","1769.786532","X","Sources internationales sûres","Data from UNSD AMA"
"MK","Indicateurs macro","35","Cabo Verde","6110","Valeur (US $)","22008","Produit Intérieur Brut","2018","2018","millions","1976.814723","X","Sources internationales sûres","Data from UNSD AMA"
"MK","Indicateurs macro","115","Cambodge","6110","Valeur (US $)","22008","Produit Intérieur Brut","2017","2017","millions","22177.200589","X","Sources internationales sûres","Data from UNSD AMA"
"MK","Indicateurs macro","115","Cambodge","6110","Valeur (US $)","22008","Produit Intérieur Brut","2018","2018","millions","24571.753582","X","Sources internationales sûres","Data from UNSD AMA"
"MK","Indicateurs macro","32","Cameroun","6110","Valeur (US $)","22008","Produit Intérieur Brut","2017","2017","millions","35009.259798","X","Sources internationales sûres","Data from UNSD AMA"
"MK","Indicateurs macro","32","Cameroun","6110","Valeur (US $)","22008","Produit Intérieur Brut","2018","2018","millions","38694.159761","X","Sources internationales sûres","Data from UNSD AMA"
"MK","Indicateurs macro","33","Canada","6110","Valeur (US $)","22008","Produit Intérieur Brut","2017","2017","millions","1650187.053777","X","Sources internationales sûres","Data from UNSD AMA"
"MK","Indicateurs macro","33","Canada","6110","Valeur (US $)","22008","Produit Intérieur Brut","2018","2018","millions","1712562.076052","X","Sources internationales sûres","Data from UNSD AMA"
"MK","Indicateurs macro","40","Chili","6110","Valeur (US $)","22008","Produit Intérieur Brut","2017","2017","millions","277746.461078","X","Sources internationales sûres","Data from UNSD AMA"
"MK","Indicateurs macro","40","Chili","6110","Valeur (US $)","22008","Produit Intérieur Brut","2018","2018","millions","298231.133533","X","Sources internationales sûres","Data from UNSD AMA"
"MK","Indicateurs macro","96","Chine - RAS de Hong-Kong","6110","Valeur (US $)","22008","Produit Intérieur Brut","2017","2017","millions","341684.919642","X","Sources internationales sûres","Data from UNSD AMA"
"MK","Indicateurs macro","96","Chine - RAS de Hong-Kong","6110","Valeur (US $)","22008","Produit Intérieur Brut","2018","2018","millions","362682.018243","X","Sources internationales sûres","Data from UNSD AMA"
"MK","Indicateurs macro","128","Chine - RAS de Macao","6110","Valeur (US $)","22008","Produit Intérieur Brut","2017","2017","millions","50559.425547","X","Sources internationales sûres","Data from UNSD AMA"
"MK","Indicateurs macro","128","Chine - RAS de Macao","6110","Valeur (US $)","22008","Produit Intérieur Brut","2018","2018","millions","54545.134154","X","Sources internationales sûres","Data from UNSD AMA"
"MK","Indicateurs macro","41","Chine, continentale","6110","Valeur (US $)","22008","Produit Intérieur Brut","2017","2017","millions","12143572.144807","X","Sources internationales sûres","Data from UNSD AMA"
"MK","Indicateurs macro","41","Chine, continentale","6110","Valeur (US $)","22008","Produit Intérieur Brut","2018","2018","millions","13608151.864732","X","Sources internationales sûres","Data from UNSD AMA"
"MK","Indicateurs macro","50","Chypre","6110","Valeur (US $)","22008","Produit Intérieur Brut","2017","2017","millions","22638.471872","X","Sources internationales sûres","Data from UNSD AMA"
"MK","Indicateurs macro","50","Chypre","6110","Valeur (US $)","22008","Produit Intérieur Brut","2018","2018","millions","24962.780237","X","Sources internationales sûres","Data from UNSD AMA"
"MK","Indicateurs macro","44","Colombie","6110","Valeur (US $)","22008","Produit Intérieur Brut","2017","2017","millions","311789.874369","X","Sources internationales sûres","Data from UNSD AMA"
"MK","Indicateurs macro","44","Colombie","6110","Valeur (US $)","22008","Produit Intérieur Brut","2018","2018","millions","330227.869587","X","Sources internationales sûres","Data from UNSD AMA"
"MK","Indicateurs macro","45","Comores","6110","Valeur (US $)","22008","Produit Intérieur Brut","2017","2017","millions","1065.019333","X","Sources internationales sûres","Data from UNSD AMA"
"MK","Indicateurs macro","45","Comores","6110","Valeur (US $)","22008","Produit Intérieur Brut","2018","2018","millions","1165.690421","X","Sources internationales sûres","Data from UNSD AMA"
"MK","Indicateurs macro","46","Congo","6110","Valeur (US $)","22008","Produit Intérieur Brut","2017","2017","millions","10978.971299","X","Sources internationales sûres","Data from UNSD AMA"
"MK","Indicateurs macro","46","Congo","6110","Valeur (US $)","22008","Produit Intérieur Brut","2018","2018","millions","14173.188324","X","Sources internationales sûres","Data from UNSD AMA"
"MK","Indicateurs macro","48","Costa Rica","6110","Valeur (US $)","22008","Produit Intérieur Brut","2017","2017","millions","58174.550212","X","Sources internationales sûres","Data from UNSD AMA"
"MK","Indicateurs macro","48","Costa Rica","6110","Valeur (US $)","22008","Produit Intérieur Brut","2018","2018","millions","60126.014829","X","Sources internationales sûres","Data from UNSD AMA"
"MK","Indicateurs macro","107","Côte d'Ivoire","6110","Valeur (US $)","22008","Produit Intérieur Brut","2017","2017","millions","38147.836938","X","Sources internationales sûres","Data from UNSD AMA"
"MK","Indicateurs macro","107","Côte d'Ivoire","6110","Valeur (US $)","22008","Produit Intérieur Brut","2018","2018","millions","43028.05723","X","Sources internationales sûres","Data from UNSD AMA"
"MK","Indicateurs macro","98","Croatie","6110","Valeur (US $)","22008","Produit Intérieur Brut","2017","2017","millions","55319.365464","X","Sources internationales sûres","Data from UNSD AMA"
"MK","Indicateurs macro","98","Croatie","6110","Valeur (US $)","22008","Produit Intérieur Brut","2018","2018","millions","60991.183097","X","Sources internationales sûres","Data from UNSD AMA"
"MK","Indicateurs macro","49","Cuba","6110","Valeur (US $)","22008","Produit Intérieur Brut","2017","2017","millions","96851","X","Sources internationales sûres","Data from UNSD AMA"
"MK","Indicateurs macro","49","Cuba","6110","Valeur (US $)","22008","Produit Intérieur Brut","2018","2018","millions","100023","X","Sources internationales sûres","Data from UNSD AMA"
"MK","Indicateurs macro","279","Curaçao","6110","Valeur (US $)","22008","Produit Intérieur Brut","2017","2017","millions","3116.62911","X","Sources internationales sûres","Data from UNSD AMA"
"MK","Indicateurs macro","279","Curaçao","6110","Valeur (US $)","22008","Produit Intérieur Brut","2018","2018","millions","3127.908038","X","Sources internationales sûres","Data from UNSD AMA"
"MK","Indicateurs macro","54","Danemark","6110","Valeur (US $)","22008","Produit Intérieur Brut","2017","2017","millions","329417.097418","X","Sources internationales sûres","Data from UNSD AMA"
"MK","Indicateurs macro","54","Danemark","6110","Valeur (US $)","22008","Produit Intérieur Brut","2018","2018","millions","355675.310874","X","Sources internationales sûres","Data from UNSD AMA"
"MK","Indicateurs macro","72","Djibouti","6110","Valeur (US $)","22008","Produit Intérieur Brut","2017","2017","millions","2766.868072","X","Sources internationales sûres","Data from UNSD AMA"
"MK","Indicateurs macro","72","Djibouti","6110","Valeur (US $)","22008","Produit Intérieur Brut","2018","2018","millions","2923.362593","X","Sources internationales sûres","Data from UNSD AMA"
"MK","Indicateurs macro","55","Dominique","6110","Valeur (US $)","22008","Produit Intérieur Brut","2017","2017","millions","519.837037","X","Sources internationales sûres","Data from UNSD AMA"
"MK","Indicateurs macro","55","Dominique","6110","Valeur (US $)","22008","Produit Intérieur Brut","2018","2018","millions","550.892593","X","Sources internationales sûres","Data from UNSD AMA"
"MK","Indicateurs macro","59","Égypte","6110","Valeur (US $)","22008","Produit Intérieur Brut","2017","2017","millions","195135.299313","X","Sources internationales sûres","Data from UNSD AMA"
"MK","Indicateurs macro","59","Égypte","6110","Valeur (US $)","22008","Produit Intérieur Brut","2018","2018","millions","249751.081603","X","Sources internationales sûres","Data from UNSD AMA"
"MK","Indicateurs macro","60","El Salvador","6110","Valeur (US $)","22008","Produit Intérieur Brut","2017","2017","millions","24927.973702","X","Sources internationales sûres","Data from UNSD AMA"
"MK","Indicateurs macro","60","El Salvador","6110","Valeur (US $)","22008","Produit Intérieur Brut","2018","2018","millions","26056.94493","X","Sources internationales sûres","Data from UNSD AMA"
"MK","Indicateurs macro","225","Émirats arabes unis","6110","Valeur (US $)","22008","Produit Intérieur Brut","2017","2017","millions","377701.060178","X","Sources internationales sûres","Data from UNSD AMA"
"MK","Indicateurs macro","225","Émirats arabes unis","6110","Valeur (US $)","22008","Produit Intérieur Brut","2018","2018","millions","414178.942593","X","Sources internationales sûres","Data from UNSD AMA"
"MK","Indicateurs macro","58","Équateur","6110","Valeur (US $)","22008","Produit Intérieur Brut","2017","2017","millions","104295.862","X","Sources internationales sûres","Data from UNSD AMA"
"MK","Indicateurs macro","58","Équateur","6110","Valeur (US $)","22008","Produit Intérieur Brut","2018","2018","millions","108398.058","X","Sources internationales sûres","Data from UNSD AMA"
"MK","Indicateurs macro","178","Érythrée","6110","Valeur (US $)","22008","Produit Intérieur Brut","2017","2017","millions","5928.331759","X","Sources internationales sûres","Data from UNSD AMA"
"MK","Indicateurs macro","178","Érythrée","6110","Valeur (US $)","22008","Produit Intérieur Brut","2018","2018","millions","6855.258985","X","Sources internationales sûres","Data from UNSD AMA"
"MK","Indicateurs macro","203","Espagne","6110","Valeur (US $)","22008","Produit Intérieur Brut","2017","2017","millions","1312551.705955","X","Sources internationales sûres","Data from UNSD AMA"
"MK","Indicateurs macro","203","Espagne","6110","Valeur (US $)","22008","Produit Intérieur Brut","2018","2018","millions","1419735.245005","X","Sources internationales sûres","Data from UNSD AMA"
"MK","Indicateurs macro","63","Estonie","6110","Valeur (US $)","22008","Produit Intérieur Brut","2017","2017","millions","26859.101054","X","Sources internationales sûres","Data from UNSD AMA"
"MK","Indicateurs macro","63","Estonie","6110","Valeur (US $)","22008","Produit Intérieur Brut","2018","2018","millions","30747.159198","X","Sources internationales sûres","Data from UNSD AMA"
"MK","Indicateurs macro","209","Eswatini","6110","Valeur (US $)","22008","Produit Intérieur Brut","2017","2017","millions","4446.225564","X","Sources internationales sûres","Data from UNSD AMA"
"MK","Indicateurs macro","209","Eswatini","6110","Valeur (US $)","22008","Produit Intérieur Brut","2018","2018","millions","4710.627493","X","Sources internationales sûres","Data from UNSD AMA"
"MK","Indicateurs macro","231","États-Unis d'Amérique","6110","Valeur (US $)","22008","Produit Intérieur Brut","2017","2017","millions","19519424","X","Sources internationales sûres","Data from UNSD AMA"
"MK","Indicateurs macro","231","États-Unis d'Amérique","6110","Valeur (US $)","22008","Produit Intérieur Brut","2018","2018","millions","20580223","X","Sources internationales sûres","Data from UNSD AMA"
"MK","Indicateurs macro","238","Éthiopie","6110","Valeur (US $)","22008","Produit Intérieur Brut","2017","2017","millions","76784.78438","X","Sources internationales sûres","Data from UNSD AMA"
"MK","Indicateurs macro","238","Éthiopie","6110","Valeur (US $)","22008","Produit Intérieur Brut","2018","2018","millions","80292.451757","X","Sources internationales sûres","Data from UNSD AMA"
"MK","Indicateurs macro","185","Fédération de Russie","6110","Valeur (US $)","22008","Produit Intérieur Brut","2017","2017","millions","1581442.647526","X","Sources internationales sûres","Data from UNSD AMA"
"MK","Indicateurs macro","185","Fédération de Russie","6110","Valeur (US $)","22008","Produit Intérieur Brut","2018","2018","millions","1660514.169265","X","Sources internationales sûres","Data from UNSD AMA"
"MK","Indicateurs macro","66","Fidji","6110","Valeur (US $)","22008","Produit Intérieur Brut","2017","2017","millions","5353.468384","X","Sources internationales sûres","Data from UNSD AMA"
"MK","Indicateurs macro","66","Fidji","6110","Valeur (US $)","22008","Produit Intérieur Brut","2018","2018","millions","5536.813268","X","Sources internationales sûres","Data from UNSD AMA"
"MK","Indicateurs macro","67","Finlande","6110","Valeur (US $)","22008","Produit Intérieur Brut","2017","2017","millions","255065.064429","X","Sources internationales sûres","Data from UNSD AMA"
"MK","Indicateurs macro","67","Finlande","6110","Valeur (US $)","22008","Produit Intérieur Brut","2018","2018","millions","276878.327687","X","Sources internationales sûres","Data from UNSD AMA"
"MK","Indicateurs macro","68","France","6110","Valeur (US $)","22008","Produit Intérieur Brut","2017","2017","millions","2592689.469914","X","Sources internationales sûres","Data from UNSD AMA"
"MK","Indicateurs macro","68","France","6110","Valeur (US $)","22008","Produit Intérieur Brut","2018","2018","millions","2778892.247475","X","Sources internationales sûres","Data from UNSD AMA"
"MK","Indicateurs macro","74","Gabon","6110","Valeur (US $)","22008","Produit Intérieur Brut","2017","2017","millions","14929.474265","X","Sources internationales sûres","Data from UNSD AMA"
"MK","Indicateurs macro","74","Gabon","6110","Valeur (US $)","22008","Produit Intérieur Brut","2018","2018","millions","16994.07721","X","Sources internationales sûres","Data from UNSD AMA"
"MK","Indicateurs macro","75","Gambie","6110","Valeur (US $)","22008","Produit Intérieur Brut","2017","2017","millions","1504.954083","X","Sources internationales sûres","Data from UNSD AMA"
"MK","Indicateurs macro","75","Gambie","6110","Valeur (US $)","22008","Produit Intérieur Brut","2018","2018","millions","1632.821652","X","Sources internationales sûres","Data from UNSD AMA"
"MK","Indicateurs macro","73","Géorgie","6110","Valeur (US $)","22008","Produit Intérieur Brut","2017","2017","millions","16242.672516","X","Sources internationales sûres","Data from UNSD AMA"
"MK","Indicateurs macro","73","Géorgie","6110","Valeur (US $)","22008","Produit Intérieur Brut","2018","2018","millions","17599.602272","X","Sources internationales sûres","Data from UNSD AMA"
"MK","Indicateurs macro","81","Ghana","6110","Valeur (US $)","22008","Produit Intérieur Brut","2017","2017","millions","58994.855221","X","Sources internationales sûres","Data from UNSD AMA"
"MK","Indicateurs macro","81","Ghana","6110","Valeur (US $)","22008","Produit Intérieur Brut","2018","2018","millions","65534.787301","X","Sources internationales sûres","Data from UNSD AMA"
"MK","Indicateurs macro","84","Grèce","6110","Valeur (US $)","22008","Produit Intérieur Brut","2017","2017","millions","203588.882261","X","Sources internationales sûres","Data from UNSD AMA"
"MK","Indicateurs macro","84","Grèce","6110","Valeur (US $)","22008","Produit Intérieur Brut","2018","2018","millions","218138.831324","X","Sources internationales sûres","Data from UNSD AMA"
"MK","Indicateurs macro","86","Grenade","6110","Valeur (US $)","22008","Produit Intérieur Brut","2017","2017","millions","1125.685613","X","Sources internationales sûres","Data from UNSD AMA"
"MK","Indicateurs macro","86","Grenade","6110","Valeur (US $)","22008","Produit Intérieur Brut","2018","2018","millions","1168.696172","X","Sources internationales sûres","Data from UNSD AMA"
"MK","Indicateurs macro","85","Groenland","6110","Valeur (US $)","22008","Produit Intérieur Brut","2017","2017","millions","2826.654723","X","Sources internationales sûres","Data from UNSD AMA"
"MK","Indicateurs macro","85","Groenland","6110","Valeur (US $)","22008","Produit Intérieur Brut","2018","2018","millions","3051.617311","X","Sources internationales sûres","Data from UNSD AMA"
"MK","Indicateurs macro","89","Guatemala","6110","Valeur (US $)","22008","Produit Intérieur Brut","2017","2017","millions","75619.686541","X","Sources internationales sûres","Data from UNSD AMA"
"MK","Indicateurs macro","89","Guatemala","6110","Valeur (US $)","22008","Produit Intérieur Brut","2018","2018","millions","78460.812164","X","Sources internationales sûres","Data from UNSD AMA"
"MK","Indicateurs macro","90","Guinée","6110","Valeur (US $)","22008","Produit Intérieur Brut","2017","2017","millions","9914.962503","X","Sources internationales sûres","Data from UNSD AMA"
"MK","Indicateurs macro","90","Guinée","6110","Valeur (US $)","22008","Produit Intérieur Brut","2018","2018","millions","11639.603012","X","Sources internationales sûres","Data from UNSD AMA"
"MK","Indicateurs macro","61","Guinée équatoriale","6110","Valeur (US $)","22008","Produit Intérieur Brut","2017","2017","millions","12517.670733","X","Sources internationales sûres","Data from UNSD AMA"
"MK","Indicateurs macro","61","Guinée équatoriale","6110","Valeur (US $)","22008","Produit Intérieur Brut","2018","2018","millions","13324.357169","X","Sources internationales sûres","Data from UNSD AMA"
"MK","Indicateurs macro","175","Guinée-Bissau","6110","Valeur (US $)","22008","Produit Intérieur Brut","2017","2017","millions","1350.177012","X","Sources internationales sûres","Data from UNSD AMA"
"MK","Indicateurs macro","175","Guinée-Bissau","6110","Valeur (US $)","22008","Produit Intérieur Brut","2018","2018","millions","1458.868351","X","Sources internationales sûres","Data from UNSD AMA"
"MK","Indicateurs macro","91","Guyana","6110","Valeur (US $)","22008","Produit Intérieur Brut","2017","2017","millions","3555.208115","X","Sources internationales sûres","Data from UNSD AMA"
"MK","Indicateurs macro","91","Guyana","6110","Valeur (US $)","22008","Produit Intérieur Brut","2018","2018","millions","3817.71758","X","Sources internationales sûres","Data from UNSD AMA"
"MK","Indicateurs macro","93","Haïti","6110","Valeur (US $)","22008","Produit Intérieur Brut","2017","2017","millions","8521.132072","X","Sources internationales sûres","Data from UNSD AMA"
"MK","Indicateurs macro","93","Haïti","6110","Valeur (US $)","22008","Produit Intérieur Brut","2018","2018","millions","9287.266225","X","Sources internationales sûres","Data from UNSD AMA"
"MK","Indicateurs macro","95","Honduras","6110","Valeur (US $)","22008","Produit Intérieur Brut","2017","2017","millions","23100.781745","X","Sources internationales sûres","Data from UNSD AMA"
"MK","Indicateurs macro","95","Honduras","6110","Valeur (US $)","22008","Produit Intérieur Brut","2018","2018","millions","23969.857875","X","Sources internationales sûres","Data from UNSD AMA"
"MK","Indicateurs macro","97","Hongrie","6110","Valeur (US $)","22008","Produit Intérieur Brut","2017","2017","millions","141510.58302","X","Sources internationales sûres","Data from UNSD AMA"
"MK","Indicateurs macro","97","Hongrie","6110","Valeur (US $)","22008","Produit Intérieur Brut","2018","2018","millions","157882.912778","X","Sources internationales sûres","Data from UNSD AMA"
"MK","Indicateurs macro","36","Îles Caïmanes","6110","Valeur (US $)","22008","Produit Intérieur Brut","2017","2017","millions","5225.231977","X","Sources internationales sûres","Data from UNSD AMA"
"MK","Indicateurs macro","36","Îles Caïmanes","6110","Valeur (US $)","22008","Produit Intérieur Brut","2018","2018","millions","5485.221941","X","Sources internationales sûres","Data from UNSD AMA"
"MK","Indicateurs macro","47","Îles Cook","6110","Valeur (US $)","22008","Produit Intérieur Brut","2017","2017","millions","345.608995","X","Sources internationales sûres","Data from UNSD AMA"
"MK","Indicateurs macro","47","Îles Cook","6110","Valeur (US $)","22008","Produit Intérieur Brut","2018","2018","millions","362.713891","X","Sources internationales sûres","Data from UNSD AMA"
"MK","Indicateurs macro","127","Îles Marshall","6110","Valeur (US $)","22008","Produit Intérieur Brut","2017","2017","millions","207.749821","X","Sources internationales sûres","Data from UNSD AMA"
"MK","Indicateurs macro","127","Îles Marshall","6110","Valeur (US $)","22008","Produit Intérieur Brut","2018","2018","millions","214.194504","X","Sources internationales sûres","Data from UNSD AMA"
"MK","Indicateurs macro","25","Îles Salomon","6110","Valeur (US $)","22008","Produit Intérieur Brut","2017","2017","millions","1198.938644","X","Sources internationales sûres","Data from UNSD AMA"
"MK","Indicateurs macro","25","Îles Salomon","6110","Valeur (US $)","22008","Produit Intérieur Brut","2018","2018","millions","1271.045752","X","Sources internationales sûres","Data from UNSD AMA"
"MK","Indicateurs macro","224","Îles Turques-et-Caïques","6110","Valeur (US $)","22008","Produit Intérieur Brut","2017","2017","millions","962.526336","X","Sources internationales sûres","Data from UNSD AMA"
"MK","Indicateurs macro","224","Îles Turques-et-Caïques","6110","Valeur (US $)","22008","Produit Intérieur Brut","2018","2018","millions","1022.312537","X","Sources internationales sûres","Data from UNSD AMA"
"MK","Indicateurs macro","239","Îles Vierges britanniques","6110","Valeur (US $)","22008","Produit Intérieur Brut","2017","2017","millions","1364.164483","X","Sources internationales sûres","Data from UNSD AMA"
"MK","Indicateurs macro","239","Îles Vierges britanniques","6110","Valeur (US $)","22008","Produit Intérieur Brut","2018","2018","millions","1445.732512","X","Sources internationales sûres","Data from UNSD AMA"
"MK","Indicateurs macro","100","Inde","6110","Valeur (US $)","22008","Produit Intérieur Brut","2017","2017","millions","2625091.06517","X","Sources internationales sûres","Data from UNSD AMA"
"MK","Indicateurs macro","100","Inde","6110","Valeur (US $)","22008","Produit Intérieur Brut","2018","2018","millions","2779351.53256","X","Sources internationales sûres","Data from UNSD AMA"
"MK","Indicateurs macro","101","Indonésie","6110","Valeur (US $)","22008","Produit Intérieur Brut","2017","2017","millions","1015423.457385","X","Sources internationales sûres","Data from UNSD AMA"
"MK","Indicateurs macro","101","Indonésie","6110","Valeur (US $)","22008","Produit Intérieur Brut","2018","2018","millions","1042173.302567","X","Sources internationales sûres","Data from UNSD AMA"
"MK","Indicateurs macro","102","Iran (République islamique d')","6110","Valeur (US $)","22008","Produit Intérieur Brut","2017","2017","millions","460976.107833","X","Sources internationales sûres","Data from UNSD AMA"
"MK","Indicateurs macro","102","Iran (République islamique d')","6110","Valeur (US $)","22008","Produit Intérieur Brut","2018","2018","millions","473090.968125","X","Sources internationales sûres","Data from UNSD AMA"
"MK","Indicateurs macro","103","Iraq","6110","Valeur (US $)","22008","Produit Intérieur Brut","2017","2017","millions","190643.898226","X","Sources internationales sûres","Data from UNSD AMA"
"MK","Indicateurs macro","103","Iraq","6110","Valeur (US $)","22008","Produit Intérieur Brut","2018","2018","millions","212271.807144","X","Sources internationales sûres","Data from UNSD AMA"
"MK","Indicateurs macro","104","Irlande","6110","Valeur (US $)","22008","Produit Intérieur Brut","2017","2017","millions","335663.114186","X","Sources internationales sûres","Data from UNSD AMA"
"MK","Indicateurs macro","104","Irlande","6110","Valeur (US $)","22008","Produit Intérieur Brut","2018","2018","millions","382674.360648","X","Sources internationales sûres","Data from UNSD AMA"
"MK","Indicateurs macro","99","Islande","6110","Valeur (US $)","22008","Produit Intérieur Brut","2017","2017","millions","24493.035576","X","Sources internationales sûres","Data from UNSD AMA"
"MK","Indicateurs macro","99","Islande","6110","Valeur (US $)","22008","Produit Intérieur Brut","2018","2018","millions","25882.218777","X","Sources internationales sûres","Data from UNSD AMA"
"MK","Indicateurs macro","105","Israël","6110","Valeur (US $)","22008","Produit Intérieur Brut","2017","2017","millions","353253.408372","X","Sources internationales sûres","Data from UNSD AMA"
"MK","Indicateurs macro","105","Israël","6110","Valeur (US $)","22008","Produit Intérieur Brut","2018","2018","millions","370587.978546","X","Sources internationales sûres","Data from UNSD AMA"
"MK","Indicateurs macro","106","Italie","6110","Valeur (US $)","22008","Produit Intérieur Brut","2017","2017","millions","1961806.364485","X","Sources internationales sûres","Data from UNSD AMA"
"MK","Indicateurs macro","106","Italie","6110","Valeur (US $)","22008","Produit Intérieur Brut","2018","2018","millions","2084882.364034","X","Sources internationales sûres","Data from UNSD AMA"
"MK","Indicateurs macro","109","Jamaïque","6110","Valeur (US $)","22008","Produit Intérieur Brut","2017","2017","millions","14806.335709","X","Sources internationales sûres","Data from UNSD AMA"
"MK","Indicateurs macro","109","Jamaïque","6110","Valeur (US $)","22008","Produit Intérieur Brut","2018","2018","millions","15713.914251","X","Sources internationales sûres","Data from UNSD AMA"
"MK","Indicateurs macro","110","Japon","6110","Valeur (US $)","22008","Produit Intérieur Brut","2017","2017","millions","4859950.558539","X","Sources internationales sûres","Data from UNSD AMA"
"MK","Indicateurs macro","110","Japon","6110","Valeur (US $)","22008","Produit Intérieur Brut","2018","2018","millions","4971323.079772","X","Sources internationales sûres","Data from UNSD AMA"
"MK","Indicateurs macro","112","Jordanie","6110","Valeur (US $)","22008","Produit Intérieur Brut","2017","2017","millions","40709.15493","X","Sources internationales sûres","Data from UNSD AMA"
"MK","Indicateurs macro","112","Jordanie","6110","Valeur (US $)","22008","Produit Intérieur Brut","2018","2018","millions","42230.985915","X","Sources internationales sûres","Data from UNSD AMA"
"MK","Indicateurs macro","108","Kazakhstan","6110","Valeur (US $)","22008","Produit Intérieur Brut","2017","2017","millions","166805.788967","X","Sources internationales sûres","Data from UNSD AMA"
"MK","Indicateurs macro","108","Kazakhstan","6110","Valeur (US $)","22008","Produit Intérieur Brut","2018","2018","millions","179339.977517","X","Sources internationales sûres","Data from UNSD AMA"
"MK","Indicateurs macro","114","Kenya","6110","Valeur (US $)","22008","Produit Intérieur Brut","2017","2017","millions","78757.378912","X","Sources internationales sûres","Data from UNSD AMA"
"MK","Indicateurs macro","114","Kenya","6110","Valeur (US $)","22008","Produit Intérieur Brut","2018","2018","millions","87905.681677","X","Sources internationales sûres","Data from UNSD AMA"
"MK","Indicateurs macro","113","Kirghizistan","6110","Valeur (US $)","22008","Produit Intérieur Brut","2017","2017","millions","7702.938395","X","Sources internationales sûres","Data from UNSD AMA"
"MK","Indicateurs macro","113","Kirghizistan","6110","Valeur (US $)","22008","Produit Intérieur Brut","2018","2018","millions","8092.834219","X","Sources internationales sûres","Data from UNSD AMA"
"MK","Indicateurs macro","83","Kiribati","6110","Valeur (US $)","22008","Produit Intérieur Brut","2017","2017","millions","185.578464","X","Sources internationales sûres","Data from UNSD AMA"
"MK","Indicateurs macro","83","Kiribati","6110","Valeur (US $)","22008","Produit Intérieur Brut","2018","2018","millions","188.524874","X","Sources internationales sûres","Data from UNSD AMA"
"MK","Indicateurs macro","118","Koweït","6110","Valeur (US $)","22008","Produit Intérieur Brut","2017","2017","millions","119534.250494","X","Sources internationales sûres","Data from UNSD AMA"
"MK","Indicateurs macro","118","Koweït","6110","Valeur (US $)","22008","Produit Intérieur Brut","2018","2018","millions","141698.143665","X","Sources internationales sûres","Data from UNSD AMA"
"MK","Indicateurs macro","122","Lesotho","6110","Valeur (US $)","22008","Produit Intérieur Brut","2017","2017","millions","2578.713331","X","Sources internationales sûres","Data from UNSD AMA"
"MK","Indicateurs macro","122","Lesotho","6110","Valeur (US $)","22008","Produit Intérieur Brut","2018","2018","millions","2631.238867","X","Sources internationales sûres","Data from UNSD AMA"
"MK","Indicateurs macro","119","Lettonie","6110","Valeur (US $)","22008","Produit Intérieur Brut","2017","2017","millions","30273.00751","X","Sources internationales sûres","Data from UNSD AMA"
"MK","Indicateurs macro","119","Lettonie","6110","Valeur (US $)","22008","Produit Intérieur Brut","2018","2018","millions","34426.040344","X","Sources internationales sûres","Data from UNSD AMA"
"MK","Indicateurs macro","121","Liban","6110","Valeur (US $)","22008","Produit Intérieur Brut","2017","2017","millions","53393.799595","X","Sources internationales sûres","Data from UNSD AMA"
"MK","Indicateurs macro","121","Liban","6110","Valeur (US $)","22008","Produit Intérieur Brut","2018","2018","millions","56409.423874","X","Sources internationales sûres","Data from UNSD AMA"
"MK","Indicateurs macro","123","Libéria","6110","Valeur (US $)","22008","Produit Intérieur Brut","2017","2017","millions","2145.368675","X","Sources internationales sûres","Data from UNSD AMA"
"MK","Indicateurs macro","123","Libéria","6110","Valeur (US $)","22008","Produit Intérieur Brut","2018","2018","millions","2121.563931","X","Sources internationales sûres","Data from UNSD AMA"
"MK","Indicateurs macro","124","Libye","6110","Valeur (US $)","22008","Produit Intérieur Brut","2017","2017","millions","25120.26205","X","Sources internationales sûres","Data from UNSD AMA"
"MK","Indicateurs macro","124","Libye","6110","Valeur (US $)","22008","Produit Intérieur Brut","2018","2018","millions","34376.772204","X","Sources internationales sûres","Data from UNSD AMA"
"MK","Indicateurs macro","125","Liechtenstein","6110","Valeur (US $)","22008","Produit Intérieur Brut","2017","2017","millions","6552.914195","X","Sources internationales sûres","Data from UNSD AMA"
"MK","Indicateurs macro","125","Liechtenstein","6110","Valeur (US $)","22008","Produit Intérieur Brut","2018","2018","millions","6795.680127","X","Sources internationales sûres","Data from UNSD AMA"
"MK","Indicateurs macro","126","Lituanie","6110","Valeur (US $)","22008","Produit Intérieur Brut","2017","2017","millions","47750.908128","X","Sources internationales sûres","Data from UNSD AMA"
"MK","Indicateurs macro","126","Lituanie","6110","Valeur (US $)","22008","Produit Intérieur Brut","2018","2018","millions","53455.170034","X","Sources internationales sûres","Data from UNSD AMA"
"MK","Indicateurs macro","256","Luxembourg","6110","Valeur (US $)","22008","Produit Intérieur Brut","2017","2017","millions","64181.944723","X","Sources internationales sûres","Data from UNSD AMA"
"MK","Indicateurs macro","256","Luxembourg","6110","Valeur (US $)","22008","Produit Intérieur Brut","2018","2018","millions","70919.958016","X","Sources internationales sûres","Data from UNSD AMA"
"MK","Indicateurs macro","154","Macédoine du Nord","6110","Valeur (US $)","22008","Produit Intérieur Brut","2017","2017","millions","11307.067001","X","Sources internationales sûres","Data from UNSD AMA"
"MK","Indicateurs macro","154","Macédoine du Nord","6110","Valeur (US $)","22008","Produit Intérieur Brut","2018","2018","millions","12628.852781","X","Sources internationales sûres","Data from UNSD AMA"
"MK","Indicateurs macro","129","Madagascar","6110","Valeur (US $)","22008","Produit Intérieur Brut","2017","2017","millions","13176.313594","X","Sources internationales sûres","Data from UNSD AMA"
"MK","Indicateurs macro","129","Madagascar","6110","Valeur (US $)","22008","Produit Intérieur Brut","2018","2018","millions","13850.654102","X","Sources internationales sûres","Data from UNSD AMA"
"MK","Indicateurs macro","131","Malaisie","6110","Valeur (US $)","22008","Produit Intérieur Brut","2017","2017","millions","318955.204603","X","Sources internationales sûres","Data from UNSD AMA"
"MK","Indicateurs macro","131","Malaisie","6110","Valeur (US $)","22008","Produit Intérieur Brut","2018","2018","millions","358579.265315","X","Sources internationales sûres","Data from UNSD AMA"
"MK","Indicateurs macro","130","Malawi","6110","Valeur (US $)","22008","Produit Intérieur Brut","2017","2017","millions","6347.717479","X","Sources internationales sûres","Data from UNSD AMA"
"MK","Indicateurs macro","130","Malawi","6110","Valeur (US $)","22008","Produit Intérieur Brut","2018","2018","millions","7196.170816","X","Sources internationales sûres","Data from UNSD AMA"
"MK","Indicateurs macro","132","Maldives","6110","Valeur (US $)","22008","Produit Intérieur Brut","2017","2017","millions","4735.999662","X","Sources internationales sûres","Data from UNSD AMA"
"MK","Indicateurs macro","132","Maldives","6110","Valeur (US $)","22008","Produit Intérieur Brut","2018","2018","millions","5327.444249","X","Sources internationales sûres","Data from UNSD AMA"
"MK","Indicateurs macro","133","Mali","6110","Valeur (US $)","22008","Produit Intérieur Brut","2017","2017","millions","15375.720393","X","Sources internationales sûres","Data from UNSD AMA"
"MK","Indicateurs macro","133","Mali","6110","Valeur (US $)","22008","Produit Intérieur Brut","2018","2018","millions","17171.816572","X","Sources internationales sûres","Data from UNSD AMA"
"MK","Indicateurs macro","134","Malte","6110","Valeur (US $)","22008","Produit Intérieur Brut","2017","2017","millions","12780.422054","X","Sources internationales sûres","Data from UNSD AMA"
"MK","Indicateurs macro","134","Malte","6110","Valeur (US $)","22008","Produit Intérieur Brut","2018","2018","millions","14549.12337","X","Sources internationales sûres","Data from UNSD AMA"
"MK","Indicateurs macro","143","Maroc","6110","Valeur (US $)","22008","Produit Intérieur Brut","2017","2017","millions","109714.324353","X","Sources internationales sûres","Data from UNSD AMA"
"MK","Indicateurs macro","143","Maroc","6110","Valeur (US $)","22008","Produit Intérieur Brut","2018","2018","millions","117921.363987","X","Sources internationales sûres","Data from UNSD AMA"
"MK","Indicateurs macro","137","Maurice","6110","Valeur (US $)","22008","Produit Intérieur Brut","2017","2017","millions","13259.348214","X","Sources internationales sûres","Data from UNSD AMA"
"MK","Indicateurs macro","137","Maurice","6110","Valeur (US $)","22008","Produit Intérieur Brut","2018","2018","millions","14220.32772","X","Sources internationales sûres","Data from UNSD AMA"
"MK","Indicateurs macro","136","Mauritanie","6110","Valeur (US $)","22008","Produit Intérieur Brut","2017","2017","millions","7062.598875","X","Sources internationales sûres","Data from UNSD AMA"
"MK","Indicateurs macro","136","Mauritanie","6110","Valeur (US $)","22008","Produit Intérieur Brut","2018","2018","millions","7619.664385","X","Sources internationales sûres","Data from UNSD AMA"
"MK","Indicateurs macro","138","Mexique","6110","Valeur (US $)","22008","Produit Intérieur Brut","2017","2017","millions","1158229.075169","X","Sources internationales sûres","Data from UNSD AMA"
"MK","Indicateurs macro","138","Mexique","6110","Valeur (US $)","22008","Produit Intérieur Brut","2018","2018","millions","1223400.956385","X","Sources internationales sûres","Data from UNSD AMA"
"MK","Indicateurs macro","145","Micronésie (États fédérés de)","6110","Valeur (US $)","22008","Produit Intérieur Brut","2017","2017","millions","362.6","X","Sources internationales sûres","Data from UNSD AMA"
"MK","Indicateurs macro","145","Micronésie (États fédérés de)","6110","Valeur (US $)","22008","Produit Intérieur Brut","2018","2018","millions","371.3024","X","Sources internationales sûres","Data from UNSD AMA"
"MK","Indicateurs macro","140","Monaco","6110","Valeur (US $)","22008","Produit Intérieur Brut","2017","2017","millions","6431.274938","X","Sources internationales sûres","Data from UNSD AMA"
"MK","Indicateurs macro","140","Monaco","6110","Valeur (US $)","22008","Produit Intérieur Brut","2018","2018","millions","7188.470101","X","Sources internationales sûres","Data from UNSD AMA"
"MK","Indicateurs macro","141","Mongolie","6110","Valeur (US $)","22008","Produit Intérieur Brut","2017","2017","millions","11433.635702","X","Sources internationales sûres","Data from UNSD AMA"
"MK","Indicateurs macro","141","Mongolie","6110","Valeur (US $)","22008","Produit Intérieur Brut","2018","2018","millions","13009.574878","X","Sources internationales sûres","Data from UNSD AMA"
"MK","Indicateurs macro","273","Monténégro","6110","Valeur (US $)","22008","Produit Intérieur Brut","2017","2017","millions","4856.612346","X","Sources internationales sûres","Data from UNSD AMA"
"MK","Indicateurs macro","273","Monténégro","6110","Valeur (US $)","22008","Produit Intérieur Brut","2018","2018","millions","5506.944403","X","Sources internationales sûres","Data from UNSD AMA"
"MK","Indicateurs macro","142","Montserrat","6110","Valeur (US $)","22008","Produit Intérieur Brut","2017","2017","millions","59.959259","X","Sources internationales sûres","Data from UNSD AMA"
"MK","Indicateurs macro","142","Montserrat","6110","Valeur (US $)","22008","Produit Intérieur Brut","2018","2018","millions","63.67881","X","Sources internationales sûres","Data from UNSD AMA"
"MK","Indicateurs macro","144","Mozambique","6110","Valeur (US $)","22008","Produit Intérieur Brut","2017","2017","millions","13219.07958","X","Sources internationales sûres","Data from UNSD AMA"
"MK","Indicateurs macro","144","Mozambique","6110","Valeur (US $)","22008","Produit Intérieur Brut","2018","2018","millions","14716.757211","X","Sources internationales sûres","Data from UNSD AMA"
"MK","Indicateurs macro","28","Myanmar","6110","Valeur (US $)","22008","Produit Intérieur Brut","2017","2017","millions","66490.513592","X","Sources internationales sûres","Data from UNSD AMA"
"MK","Indicateurs macro","28","Myanmar","6110","Valeur (US $)","22008","Produit Intérieur Brut","2018","2018","millions","72744.98793","X","Sources internationales sûres","Data from UNSD AMA"
"MK","Indicateurs macro","147","Namibie","6110","Valeur (US $)","22008","Produit Intérieur Brut","2017","2017","millions","13566.192143","X","Sources internationales sûres","Data from UNSD AMA"
"MK","Indicateurs macro","147","Namibie","6110","Valeur (US $)","22008","Produit Intérieur Brut","2018","2018","millions","14518.593446","X","Sources internationales sûres","Data from UNSD AMA"
"MK","Indicateurs macro","148","Nauru","6110","Valeur (US $)","22008","Produit Intérieur Brut","2017","2017","millions","133.793883","X","Sources internationales sûres","Data from UNSD AMA"
"MK","Indicateurs macro","148","Nauru","6110","Valeur (US $)","22008","Produit Intérieur Brut","2018","2018","millions","126.715444","X","Sources internationales sûres","Data from UNSD AMA"
"MK","Indicateurs macro","149","Népal","6110","Valeur (US $)","22008","Produit Intérieur Brut","2017","2017","millions","25587.453463","X","Sources internationales sûres","Data from UNSD AMA"
"MK","Indicateurs macro","149","Népal","6110","Valeur (US $)","22008","Produit Intérieur Brut","2018","2018","millions","27830.396106","X","Sources internationales sûres","Data from UNSD AMA"
"MK","Indicateurs macro","157","Nicaragua","6110","Valeur (US $)","22008","Produit Intérieur Brut","2017","2017","millions","13843.586679","X","Sources internationales sûres","Data from UNSD AMA"
"MK","Indicateurs macro","157","Nicaragua","6110","Valeur (US $)","22008","Produit Intérieur Brut","2018","2018","millions","13117.859222","X","Sources internationales sûres","Data from UNSD AMA"
"MK","Indicateurs macro","158","Niger","6110","Valeur (US $)","22008","Produit Intérieur Brut","2017","2017","millions","11170.054787","X","Sources internationales sûres","Data from UNSD AMA"
"MK","Indicateurs macro","158","Niger","6110","Valeur (US $)","22008","Produit Intérieur Brut","2018","2018","millions","12820.995119","X","Sources internationales sûres","Data from UNSD AMA"
"MK","Indicateurs macro","159","Nigéria","6110","Valeur (US $)","22008","Produit Intérieur Brut","2017","2017","millions","375769.719405","X","Sources internationales sûres","Data from UNSD AMA"
"MK","Indicateurs macro","159","Nigéria","6110","Valeur (US $)","22008","Produit Intérieur Brut","2018","2018","millions","421821.319413","X","Sources internationales sûres","Data from UNSD AMA"
"MK","Indicateurs macro","162","Norvège","6110","Valeur (US $)","22008","Produit Intérieur Brut","2017","2017","millions","398393.955269","X","Sources internationales sûres","Data from UNSD AMA"
"MK","Indicateurs macro","162","Norvège","6110","Valeur (US $)","22008","Produit Intérieur Brut","2018","2018","millions","434166.615432","X","Sources internationales sûres","Data from UNSD AMA"
"MK","Indicateurs macro","153","Nouvelle-Calédonie","6110","Valeur (US $)","22008","Produit Intérieur Brut","2017","2017","millions","9458.750913","X","Sources internationales sûres","Data from UNSD AMA"
"MK","Indicateurs macro","153","Nouvelle-Calédonie","6110","Valeur (US $)","22008","Produit Intérieur Brut","2018","2018","millions","10173.50156","X","Sources internationales sûres","Data from UNSD AMA"
"MK","Indicateurs macro","156","Nouvelle-Zélande","6110","Valeur (US $)","22008","Produit Intérieur Brut","2017","2017","millions","205415.864858","X","Sources internationales sûres","Data from UNSD AMA"
"MK","Indicateurs macro","156","Nouvelle-Zélande","6110","Valeur (US $)","22008","Produit Intérieur Brut","2018","2018","millions","207920.613962","X","Sources internationales sûres","Data from UNSD AMA"
"MK","Indicateurs macro","221","Oman","6110","Valeur (US $)","22008","Produit Intérieur Brut","2017","2017","millions","79276.747592","X","Sources internationales sûres","Data from UNSD AMA"
"MK","Indicateurs macro","221","Oman","6110","Valeur (US $)","22008","Produit Intérieur Brut","2018","2018","millions","92111.474026","X","Sources internationales sûres","Data from UNSD AMA"
"MK","Indicateurs macro","226","Ouganda","6110","Valeur (US $)","22008","Produit Intérieur Brut","2017","2017","millions","27208.082675","X","Sources internationales sûres","Data from UNSD AMA"
"MK","Indicateurs macro","226","Ouganda","6110","Valeur (US $)","22008","Produit Intérieur Brut","2018","2018","millions","30098.103261","X","Sources internationales sûres","Data from UNSD AMA"
"MK","Indicateurs macro","235","Ouzbékistan","6110","Valeur (US $)","22008","Produit Intérieur Brut","2017","2017","millions","59159.9487","X","Sources internationales sûres","Data from UNSD AMA"
"MK","Indicateurs macro","235","Ouzbékistan","6110","Valeur (US $)","22008","Produit Intérieur Brut","2018","2018","millions","50499.92009","X","Sources internationales sûres","Data from UNSD AMA"
"MK","Indicateurs macro","165","Pakistan","6110","Valeur (US $)","22008","Produit Intérieur Brut","2017","2017","millions","303091.943222","X","Sources internationales sûres","Data from UNSD AMA"
"MK","Indicateurs macro","165","Pakistan","6110","Valeur (US $)","22008","Produit Intérieur Brut","2018","2018","millions","282345.609677","X","Sources internationales sûres","Data from UNSD AMA"
"MK","Indicateurs macro","180","Palaos","6110","Valeur (US $)","22008","Produit Intérieur Brut","2017","2017","millions","286.32175","X","Sources internationales sûres","Data from UNSD AMA"
"MK","Indicateurs macro","180","Palaos","6110","Valeur (US $)","22008","Produit Intérieur Brut","2018","2018","millions","283.994875","X","Sources internationales sûres","Data from UNSD AMA"
"MK","Indicateurs macro","299","Palestine","6110","Valeur (US $)","22008","Produit Intérieur Brut","2017","2017","millions","16127.6","X","Sources internationales sûres","Data from UNSD AMA"
"MK","Indicateurs macro","299","Palestine","6110","Valeur (US $)","22008","Produit Intérieur Brut","2018","2018","millions","16276.6","X","Sources internationales sûres","Data from UNSD AMA"
"MK","Indicateurs macro","166","Panama","6110","Valeur (US $)","22008","Produit Intérieur Brut","2017","2017","millions","62283.756584","X","Sources internationales sûres","Data from UNSD AMA"
"MK","Indicateurs macro","166","Panama","6110","Valeur (US $)","22008","Produit Intérieur Brut","2018","2018","millions","65055.080456","X","Sources internationales sûres","Data from UNSD AMA"
"MK","Indicateurs macro","168","Papouasie-Nouvelle-Guinée","6110","Valeur (US $)","22008","Produit Intérieur Brut","2017","2017","millions","22005.850365","X","Sources internationales sûres","Data from UNSD AMA"
"MK","Indicateurs macro","168","Papouasie-Nouvelle-Guinée","6110","Valeur (US $)","22008","Produit Intérieur Brut","2018","2018","millions","23077.212141","X","Sources internationales sûres","Data from UNSD AMA"
"MK","Indicateurs macro","169","Paraguay","6110","Valeur (US $)","22008","Produit Intérieur Brut","2017","2017","millions","39008.900667","X","Sources internationales sûres","Data from UNSD AMA"
"MK","Indicateurs macro","169","Paraguay","6110","Valeur (US $)","22008","Produit Intérieur Brut","2018","2018","millions","40307.450616","X","Sources internationales sûres","Data from UNSD AMA"
"MK","Indicateurs macro","150","Pays-Bas","6110","Valeur (US $)","22008","Produit Intérieur Brut","2017","2017","millions","833869.641687","X","Sources internationales sûres","Data from UNSD AMA"
"MK","Indicateurs macro","150","Pays-Bas","6110","Valeur (US $)","22008","Produit Intérieur Brut","2018","2018","millions","914104.847814","X","Sources internationales sûres","Data from UNSD AMA"
"MK","Indicateurs macro","170","Pérou","6110","Valeur (US $)","22008","Produit Intérieur Brut","2017","2017","millions","210715.971528","X","Sources internationales sûres","Data from UNSD AMA"
"MK","Indicateurs macro","170","Pérou","6110","Valeur (US $)","22008","Produit Intérieur Brut","2018","2018","millions","222237.388303","X","Sources internationales sûres","Data from UNSD AMA"
"MK","Indicateurs macro","171","Philippines","6110","Valeur (US $)","22008","Produit Intérieur Brut","2017","2017","millions","313619.624581","X","Sources internationales sûres","Data from UNSD AMA"
"MK","Indicateurs macro","171","Philippines","6110","Valeur (US $)","22008","Produit Intérieur Brut","2018","2018","millions","330910.155388","X","Sources internationales sûres","Data from UNSD AMA"
"MK","Indicateurs macro","173","Pologne","6110","Valeur (US $)","22008","Produit Intérieur Brut","2017","2017","millions","526376.168636","X","Sources internationales sûres","Data from UNSD AMA"
"MK","Indicateurs macro","173","Pologne","6110","Valeur (US $)","22008","Produit Intérieur Brut","2018","2018","millions","585661.112213","X","Sources internationales sûres","Data from UNSD AMA"
"MK","Indicateurs macro","70","Polynésie française","6110","Valeur (US $)","22008","Produit Intérieur Brut","2017","2017","millions","5685.946207","X","Sources internationales sûres","Data from UNSD AMA"
"MK","Indicateurs macro","70","Polynésie française","6110","Valeur (US $)","22008","Produit Intérieur Brut","2018","2018","millions","6099.924654","X","Sources internationales sûres","Data from UNSD AMA"
"MK","Indicateurs macro","177","Porto Rico","6110","Valeur (US $)","22008","Produit Intérieur Brut","2017","2017","millions","104250.2","X","Sources internationales sûres","Data from UNSD AMA"
"MK","Indicateurs macro","177","Porto Rico","6110","Valeur (US $)","22008","Produit Intérieur Brut","2018","2018","millions","101130.9","X","Sources internationales sûres","Data from UNSD AMA"
"MK","Indicateurs macro","174","Portugal","6110","Valeur (US $)","22008","Produit Intérieur Brut","2017","2017","millions","221357.874719","X","Sources internationales sûres","Data from UNSD AMA"
"MK","Indicateurs macro","174","Portugal","6110","Valeur (US $)","22008","Produit Intérieur Brut","2018","2018","millions","240792.10976","X","Sources internationales sûres","Data from UNSD AMA"
"MK","Indicateurs macro","179","Qatar","6110","Valeur (US $)","22008","Produit Intérieur Brut","2017","2017","millions","166928.689894","X","Sources internationales sûres","Data from UNSD AMA"
"MK","Indicateurs macro","179","Qatar","6110","Valeur (US $)","22008","Produit Intérieur Brut","2018","2018","millions","191362.087912","X","Sources internationales sûres","Data from UNSD AMA"
"MK","Indicateurs macro","212","République arabe syrienne","6110","Valeur (US $)","22008","Produit Intérieur Brut","2017","2017","millions","13182.092626","X","Sources internationales sûres","Data from UNSD AMA"
"MK","Indicateurs macro","212","République arabe syrienne","6110","Valeur (US $)","22008","Produit Intérieur Brut","2018","2018","millions","16628.214359","X","Sources internationales sûres","Data from UNSD AMA"
"MK","Indicateurs macro","37","République centrafricaine","6110","Valeur (US $)","22008","Produit Intérieur Brut","2017","2017","millions","1997.35427","X","Sources internationales sûres","Data from UNSD AMA"
"MK","Indicateurs macro","37","République centrafricaine","6110","Valeur (US $)","22008","Produit Intérieur Brut","2018","2018","millions","2243.167109","X","Sources internationales sûres","Data from UNSD AMA"
"MK","Indicateurs macro","117","République de Corée","6110","Valeur (US $)","22008","Produit Intérieur Brut","2017","2017","millions","1623901.466309","X","Sources internationales sûres","Data from UNSD AMA"
"MK","Indicateurs macro","117","République de Corée","6110","Valeur (US $)","22008","Produit Intérieur Brut","2018","2018","millions","1720488.934018","X","Sources internationales sûres","Data from UNSD AMA"
"MK","Indicateurs macro","146","République de Moldova","6110","Valeur (US $)","22008","Produit Intérieur Brut","2017","2017","millions","9669.741766","X","Sources internationales sûres","Data from UNSD AMA"
"MK","Indicateurs macro","146","République de Moldova","6110","Valeur (US $)","22008","Produit Intérieur Brut","2018","2018","millions","11309.115056","X","Sources internationales sûres","Data from UNSD AMA"
"MK","Indicateurs macro","250","République démocratique du Congo","6110","Valeur (US $)","22008","Produit Intérieur Brut","2017","2017","millions","37642.464497","X","Sources internationales sûres","Data from UNSD AMA"
"MK","Indicateurs macro","250","République démocratique du Congo","6110","Valeur (US $)","22008","Produit Intérieur Brut","2018","2018","millions","47146.003693","X","Sources internationales sûres","Data from UNSD AMA"
"MK","Indicateurs macro","120","République démocratique populaire lao","6110","Valeur (US $)","22008","Produit Intérieur Brut","2017","2017","millions","16853.104545","X","Sources internationales sûres","Data from UNSD AMA"
"MK","Indicateurs macro","120","République démocratique populaire lao","6110","Valeur (US $)","22008","Produit Intérieur Brut","2018","2018","millions","17953.809484","X","Sources internationales sûres","Data from UNSD AMA"
"MK","Indicateurs macro","56","République dominicaine","6110","Valeur (US $)","22008","Produit Intérieur Brut","2017","2017","millions","76011.274397","X","Sources internationales sûres","Data from UNSD AMA"
"MK","Indicateurs macro","56","République dominicaine","6110","Valeur (US $)","22008","Produit Intérieur Brut","2018","2018","millions","81298.585403","X","Sources internationales sûres","Data from UNSD AMA"
"MK","Indicateurs macro","116","République populaire démocratique de Corée","6110","Valeur (US $)","22008","Produit Intérieur Brut","2017","2017","millions","17364.724931","X","Sources internationales sûres","Data from UNSD AMA"
"MK","Indicateurs macro","116","République populaire démocratique de Corée","6110","Valeur (US $)","22008","Produit Intérieur Brut","2018","2018","millions","17487.261057","X","Sources internationales sûres","Data from UNSD AMA"
"MK","Indicateurs macro","215","République-Unie de Tanzanie","6110","Valeur (US $)","22008","Produit Intérieur Brut","2017","2017","millions","54724.041971","X","Sources internationales sûres","Data from UNSD AMA"
"MK","Indicateurs macro","215","République-Unie de Tanzanie","6110","Valeur (US $)","22008","Produit Intérieur Brut","2018","2018","millions","58763.270321","X","Sources internationales sûres","Data from UNSD AMA"
"MK","Indicateurs macro","183","Roumanie","6110","Valeur (US $)","22008","Produit Intérieur Brut","2017","2017","millions","211695.857898","X","Sources internationales sûres","Data from UNSD AMA"
"MK","Indicateurs macro","183","Roumanie","6110","Valeur (US $)","22008","Produit Intérieur Brut","2018","2018","millions","239551.503825","X","Sources internationales sûres","Data from UNSD AMA"
"MK","Indicateurs macro","229","Royaume-Uni de Grande-Bretagne et d'Irlande du Nord","6110","Valeur (US $)","22008","Produit Intérieur Brut","2017","2017","millions","2666229.179958","X","Sources internationales sûres","Data from UNSD AMA"
"MK","Indicateurs macro","229","Royaume-Uni de Grande-Bretagne et d'Irlande du Nord","6110","Valeur (US $)","22008","Produit Intérieur Brut","2018","2018","millions","2855296.731522","X","Sources internationales sûres","Data from UNSD AMA"
"MK","Indicateurs macro","184","Rwanda","6110","Valeur (US $)","22008","Produit Intérieur Brut","2017","2017","millions","9136.162028","X","Sources internationales sûres","Data from UNSD AMA"
"MK","Indicateurs macro","184","Rwanda","6110","Valeur (US $)","22008","Produit Intérieur Brut","2018","2018","millions","9510.001917","X","Sources internationales sûres","Data from UNSD AMA"
"MK","Indicateurs macro","189","Sainte-Lucie","6110","Valeur (US $)","22008","Produit Intérieur Brut","2017","2017","millions","1816.72873","X","Sources internationales sûres","Data from UNSD AMA"
"MK","Indicateurs macro","189","Sainte-Lucie","6110","Valeur (US $)","22008","Produit Intérieur Brut","2018","2018","millions","1921.848232","X","Sources internationales sûres","Data from UNSD AMA"
"MK","Indicateurs macro","188","Saint-Kitts-et-Nevis","6110","Valeur (US $)","22008","Produit Intérieur Brut","2017","2017","millions","996.944444","X","Sources internationales sûres","Data from UNSD AMA"
"MK","Indicateurs macro","188","Saint-Kitts-et-Nevis","6110","Valeur (US $)","22008","Produit Intérieur Brut","2018","2018","millions","1010.822222","X","Sources internationales sûres","Data from UNSD AMA"
"MK","Indicateurs macro","192","Saint-Marin","6110","Valeur (US $)","22008","Produit Intérieur Brut","2017","2017","millions","1528.621195","X","Sources internationales sûres","Data from UNSD AMA"
"MK","Indicateurs macro","192","Saint-Marin","6110","Valeur (US $)","22008","Produit Intérieur Brut","2018","2018","millions","1637.650595","X","Sources internationales sûres","Data from UNSD AMA"
"MK","Indicateurs macro","191","Saint-Vincent-et-les Grenadines","6110","Valeur (US $)","22008","Produit Intérieur Brut","2017","2017","millions","792.177778","X","Sources internationales sûres","Data from UNSD AMA"
"MK","Indicateurs macro","191","Saint-Vincent-et-les Grenadines","6110","Valeur (US $)","22008","Produit Intérieur Brut","2018","2018","millions","811.3","X","Sources internationales sûres","Data from UNSD AMA"
"MK","Indicateurs macro","244","Samoa","6110","Valeur (US $)","22008","Produit Intérieur Brut","2017","2017","millions","824.532614","X","Sources internationales sûres","Data from UNSD AMA"
"MK","Indicateurs macro","244","Samoa","6110","Valeur (US $)","22008","Produit Intérieur Brut","2018","2018","millions","833.464706","X","Sources internationales sûres","Data from UNSD AMA"
"MK","Indicateurs macro","193","Sao Tomé-et-Principe","6110","Valeur (US $)","22008","Produit Intérieur Brut","2017","2017","millions","365.493009","X","Sources internationales sûres","Data from UNSD AMA"
"MK","Indicateurs macro","193","Sao Tomé-et-Principe","6110","Valeur (US $)","22008","Produit Intérieur Brut","2018","2018","millions","411.106782","X","Sources internationales sûres","Data from UNSD AMA"
"MK","Indicateurs macro","195","Sénégal","6110","Valeur (US $)","22008","Produit Intérieur Brut","2017","2017","millions","20939.966699","X","Sources internationales sûres","Data from UNSD AMA"
"MK","Indicateurs macro","195","Sénégal","6110","Valeur (US $)","22008","Produit Intérieur Brut","2018","2018","millions","23808.775445","X","Sources internationales sûres","Data from UNSD AMA"
"MK","Indicateurs macro","272","Serbie","6110","Valeur (US $)","22008","Produit Intérieur Brut","2017","2017","millions","44120.444864","X","Sources internationales sûres","Data from UNSD AMA"
"MK","Indicateurs macro","272","Serbie","6110","Valeur (US $)","22008","Produit Intérieur Brut","2018","2018","millions","50597.301774","X","Sources internationales sûres","Data from UNSD AMA"
"MK","Indicateurs macro","196","Seychelles","6110","Valeur (US $)","22008","Produit Intérieur Brut","2017","2017","millions","1503.197143","X","Sources internationales sûres","Data from UNSD AMA"
"MK","Indicateurs macro","196","Seychelles","6110","Valeur (US $)","22008","Produit Intérieur Brut","2018","2018","millions","1590.224265","X","Sources internationales sûres","Data from UNSD AMA"
"MK","Indicateurs macro","197","Sierra Leone","6110","Valeur (US $)","22008","Produit Intérieur Brut","2017","2017","millions","3739.051196","X","Sources internationales sûres","Data from UNSD AMA"
"MK","Indicateurs macro","197","Sierra Leone","6110","Valeur (US $)","22008","Produit Intérieur Brut","2018","2018","millions","4101.32543","X","Sources internationales sûres","Data from UNSD AMA"
"MK","Indicateurs macro","200","Singapour","6110","Valeur (US $)","22008","Produit Intérieur Brut","2017","2017","millions","336678.892771","X","Sources internationales sûres","Data from UNSD AMA"
"MK","Indicateurs macro","200","Singapour","6110","Valeur (US $)","22008","Produit Intérieur Brut","2018","2018","millions","361115.401486","X","Sources internationales sûres","Data from UNSD AMA"
"MK","Indicateurs macro","280","Sint Maarten (partie néerlandaise)","6110","Valeur (US $)","22008","Produit Intérieur Brut","2017","2017","millions","1043","X","Sources internationales sûres","Data from UNSD AMA"
"MK","Indicateurs macro","280","Sint Maarten (partie néerlandaise)","6110","Valeur (US $)","22008","Produit Intérieur Brut","2018","2018","millions","980","X","Sources internationales sûres","Data from UNSD AMA"
"MK","Indicateurs macro","199","Slovaquie","6110","Valeur (US $)","22008","Produit Intérieur Brut","2017","2017","millions","95477.26964","X","Sources internationales sûres","Data from UNSD AMA"
"MK","Indicateurs macro","199","Slovaquie","6110","Valeur (US $)","22008","Produit Intérieur Brut","2018","2018","millions","105956.373517","X","Sources internationales sûres","Data from UNSD AMA"
"MK","Indicateurs macro","198","Slovénie","6110","Valeur (US $)","22008","Produit Intérieur Brut","2017","2017","millions","48561.672401","X","Sources internationales sûres","Data from UNSD AMA"
"MK","Indicateurs macro","198","Slovénie","6110","Valeur (US $)","22008","Produit Intérieur Brut","2018","2018","millions","54034.358544","X","Sources internationales sûres","Data from UNSD AMA"
"MK","Indicateurs macro","201","Somalie","6110","Valeur (US $)","22008","Produit Intérieur Brut","2017","2017","millions","1497.300283","X","Sources internationales sûres","Data from UNSD AMA"
"MK","Indicateurs macro","201","Somalie","6110","Valeur (US $)","22008","Produit Intérieur Brut","2018","2018","millions","1494.465502","X","Sources internationales sûres","Data from UNSD AMA"
"MK","Indicateurs macro","276","Soudan","6110","Valeur (US $)","22008","Produit Intérieur Brut","2017","2017","millions","124021.599914","X","Sources internationales sûres","Data from UNSD AMA"
"MK","Indicateurs macro","276","Soudan","6110","Valeur (US $)","22008","Produit Intérieur Brut","2018","2018","millions","50514.673878","X","Sources internationales sûres","Data from UNSD AMA"
"MK","Indicateurs macro","277","Soudan du Sud","6110","Valeur (US $)","22008","Produit Intérieur Brut","2017","2017","millions","7620.963066","X","Sources internationales sûres","Data from UNSD AMA"
"MK","Indicateurs macro","277","Soudan du Sud","6110","Valeur (US $)","22008","Produit Intérieur Brut","2018","2018","millions","8206.888011","X","Sources internationales sûres","Data from UNSD AMA"
"MK","Indicateurs macro","38","Sri Lanka","6110","Valeur (US $)","22008","Produit Intérieur Brut","2017","2017","millions","88019.695921","X","Sources internationales sûres","Data from UNSD AMA"
"MK","Indicateurs macro","38","Sri Lanka","6110","Valeur (US $)","22008","Produit Intérieur Brut","2018","2018","millions","88941.88634","X","Sources internationales sûres","Data from UNSD AMA"
"MK","Indicateurs macro","210","Suède","6110","Valeur (US $)","22008","Produit Intérieur Brut","2017","2017","millions","540545.236388","X","Sources internationales sûres","Data from UNSD AMA"
"MK","Indicateurs macro","210","Suède","6110","Valeur (US $)","22008","Produit Intérieur Brut","2018","2018","millions","556086.488937","X","Sources internationales sûres","Data from UNSD AMA"
"MK","Indicateurs macro","211","Suisse","6110","Valeur (US $)","22008","Produit Intérieur Brut","2017","2017","millions","679950.482029","X","Sources internationales sûres","Data from UNSD AMA"
"MK","Indicateurs macro","211","Suisse","6110","Valeur (US $)","22008","Produit Intérieur Brut","2018","2018","millions","705140.620047","X","Sources internationales sûres","Data from UNSD AMA"
"MK","Indicateurs macro","207","Suriname","6110","Valeur (US $)","22008","Produit Intérieur Brut","2017","2017","millions","3210.020005","X","Sources internationales sûres","Data from UNSD AMA"
"MK","Indicateurs macro","207","Suriname","6110","Valeur (US $)","22008","Produit Intérieur Brut","2018","2018","millions","3458.081779","X","Sources internationales sûres","Data from UNSD AMA"
"MK","Indicateurs macro","208","Tadjikistan","6110","Valeur (US $)","22008","Produit Intérieur Brut","2017","2017","millions","7157.830305","X","Sources internationales sûres","Data from UNSD AMA"
"MK","Indicateurs macro","208","Tadjikistan","6110","Valeur (US $)","22008","Produit Intérieur Brut","2018","2018","millions","7522.934109","X","Sources internationales sûres","Data from UNSD AMA"
"MK","Indicateurs macro","39","Tchad","6110","Valeur (US $)","22008","Produit Intérieur Brut","2017","2017","millions","10394.020227","X","Sources internationales sûres","Data from UNSD AMA"
"MK","Indicateurs macro","39","Tchad","6110","Valeur (US $)","22008","Produit Intérieur Brut","2018","2018","millions","11387.42436","X","Sources internationales sûres","Data from UNSD AMA"
"MK","Indicateurs macro","167","Tchéquie","6110","Valeur (US $)","22008","Produit Intérieur Brut","2017","2017","millions","215913.545038","X","Sources internationales sûres","Data from UNSD AMA"
"MK","Indicateurs macro","167","Tchéquie","6110","Valeur (US $)","22008","Produit Intérieur Brut","2018","2018","millions","245225.882903","X","Sources internationales sûres","Data from UNSD AMA"
"MK","Indicateurs macro","216","Thaïlande","6110","Valeur (US $)","22008","Produit Intérieur Brut","2017","2017","millions","455275.339459","X","Sources internationales sûres","Data from UNSD AMA"
"MK","Indicateurs macro","216","Thaïlande","6110","Valeur (US $)","22008","Produit Intérieur Brut","2018","2018","millions","504992.355352","X","Sources internationales sûres","Data from UNSD AMA"
"MK","Indicateurs macro","176","Timor-Leste","6110","Valeur (US $)","22008","Produit Intérieur Brut","2017","2017","millions","2487.269437","X","Sources internationales sûres","Data from UNSD AMA"
"MK","Indicateurs macro","176","Timor-Leste","6110","Valeur (US $)","22008","Produit Intérieur Brut","2018","2018","millions","2581","X","Sources internationales sûres","Data from UNSD AMA"
"MK","Indicateurs macro","217","Togo","6110","Valeur (US $)","22008","Produit Intérieur Brut","2017","2017","millions","4631.639952","X","Sources internationales sûres","Data from UNSD AMA"
"MK","Indicateurs macro","217","Togo","6110","Valeur (US $)","22008","Produit Intérieur Brut","2018","2018","millions","5165.45413","X","Sources internationales sûres","Data from UNSD AMA"
"MK","Indicateurs macro","219","Tonga","6110","Valeur (US $)","22008","Produit Intérieur Brut","2017","2017","millions","492.40682","X","Sources internationales sûres","Data from UNSD AMA"
"MK","Indicateurs macro","219","Tonga","6110","Valeur (US $)","22008","Produit Intérieur Brut","2018","2018","millions","504.20119","X","Sources internationales sûres","Data from UNSD AMA"
"MK","Indicateurs macro","220","Trinité-et-Tobago","6110","Valeur (US $)","22008","Produit Intérieur Brut","2017","2017","millions","22474.742028","X","Sources internationales sûres","Data from UNSD AMA"
"MK","Indicateurs macro","220","Trinité-et-Tobago","6110","Valeur (US $)","22008","Produit Intérieur Brut","2018","2018","millions","23808.482887","X","Sources internationales sûres","Data from UNSD AMA"
"MK","Indicateurs macro","222","Tunisie","6110","Valeur (US $)","22008","Produit Intérieur Brut","2017","2017","millions","39813.043886","X","Sources internationales sûres","Data from UNSD AMA"
"MK","Indicateurs macro","222","Tunisie","6110","Valeur (US $)","22008","Produit Intérieur Brut","2018","2018","millions","39895.09763","X","Sources internationales sûres","Data from UNSD AMA"
"MK","Indicateurs macro","213","Turkménistan","6110","Valeur (US $)","22008","Produit Intérieur Brut","2017","2017","millions","37915.175476","X","Sources internationales sûres","Data from UNSD AMA"
"MK","Indicateurs macro","213","Turkménistan","6110","Valeur (US $)","22008","Produit Intérieur Brut","2018","2018","millions","40749.261428","X","Sources internationales sûres","Data from UNSD AMA"
"MK","Indicateurs macro","223","Turquie","6110","Valeur (US $)","22008","Produit Intérieur Brut","2017","2017","millions","852669.15047","X","Sources internationales sûres","Data from UNSD AMA"
"MK","Indicateurs macro","223","Turquie","6110","Valeur (US $)","22008","Produit Intérieur Brut","2018","2018","millions","771355.09964","X","Sources internationales sûres","Data from UNSD AMA"
"MK","Indicateurs macro","227","Tuvalu","6110","Valeur (US $)","22008","Produit Intérieur Brut","2017","2017","millions","43.912497","X","Sources internationales sûres","Data from UNSD AMA"
"MK","Indicateurs macro","227","Tuvalu","6110","Valeur (US $)","22008","Produit Intérieur Brut","2018","2018","millions","46.039144","X","Sources internationales sûres","Data from UNSD AMA"
"MK","Indicateurs macro","230","Ukraine","6110","Valeur (US $)","22008","Produit Intérieur Brut","2017","2017","millions","112190.328583","X","Sources internationales sûres","Data from UNSD AMA"
"MK","Indicateurs macro","230","Ukraine","6110","Valeur (US $)","22008","Produit Intérieur Brut","2018","2018","millions","130832.411281","X","Sources internationales sûres","Data from UNSD AMA"
"MK","Indicateurs macro","234","Uruguay","6110","Valeur (US $)","22008","Produit Intérieur Brut","2017","2017","millions","59530.101407","X","Sources internationales sûres","Data from UNSD AMA"
"MK","Indicateurs macro","234","Uruguay","6110","Valeur (US $)","22008","Produit Intérieur Brut","2018","2018","millions","59596.960264","X","Sources internationales sûres","Data from UNSD AMA"
"MK","Indicateurs macro","155","Vanuatu","6110","Valeur (US $)","22008","Produit Intérieur Brut","2017","2017","millions","880.046992","X","Sources internationales sûres","Data from UNSD AMA"
"MK","Indicateurs macro","155","Vanuatu","6110","Valeur (US $)","22008","Produit Intérieur Brut","2018","2018","millions","888.932153","X","Sources internationales sûres","Data from UNSD AMA"
"MK","Indicateurs macro","236","Venezuela (République bolivarienne du)","6110","Valeur (US $)","22008","Produit Intérieur Brut","2017","2017","millions","248029.436649","X","Sources internationales sûres","Data from UNSD AMA"
"MK","Indicateurs macro","236","Venezuela (République bolivarienne du)","6110","Valeur (US $)","22008","Produit Intérieur Brut","2018","2018","millions","208338.475198","X","Sources internationales sûres","Data from UNSD AMA"
"MK","Indicateurs macro","237","Viet Nam","6110","Valeur (US $)","22008","Produit Intérieur Brut","2017","2017","millions","223779.866149","X","Sources internationales sûres","Data from UNSD AMA"
"MK","Indicateurs macro","237","Viet Nam","6110","Valeur (US $)","22008","Produit Intérieur Brut","2018","2018","millions","244901.104103","X","Sources internationales sûres","Data from UNSD AMA"
"MK","Indicateurs macro","249","Yémen","6110","Valeur (US $)","22008","Produit Intérieur Brut","2017","2017","millions","24152.03881","X","Sources internationales sûres","Data from UNSD AMA"
"MK","Indicateurs macro","249","Yémen","6110","Valeur (US $)","22008","Produit Intérieur Brut","2018","2018","millions","26671.579499","X","Sources internationales sûres","Data from UNSD AMA"
"MK","Indicateurs macro","251","Zambie","6110","Valeur (US $)","22008","Produit Intérieur Brut","2017","2017","millions","25868.138215","X","Sources internationales sûres","Data from UNSD AMA"
"MK","Indicateurs macro","251","Zambie","6110","Valeur (US $)","22008","Produit Intérieur Brut","2018","2018","millions","27282.854512","X","Sources internationales sûres","Data from UNSD AMA"
"MK","Indicateurs macro","181","Zimbabwe","6110","Valeur (US $)","22008","Produit Intérieur Brut","2017","2017","millions","22040.902301","X","Sources internationales sûres","Data from UNSD AMA"
"MK","Indicateurs macro","181","Zimbabwe","6110","Valeur (US $)","22008","Produit Intérieur Brut","2018","2018","millions","24311.560545","X","Sources internationales sûres","Data from UNSD AMA"
