Code Domaine,Domaine,Code zone,Zone,Code Élément,Élément,Code Produit,Produit,Code année,Année,Unité,Valeur,Symbole,Description du Symbole
"TA","Animaux vivants","2","Afghanistan","5609","Importations - Quantité","1057","Poulets","2017","2017","1000 têtes","17064","R","Données estimées en utilisant les données des pays partenaires"
"TA","Animaux vivants","2","Afghanistan","5609","Importations - Quantité","1057","Poulets","2018","2018","1000 têtes","12297","","Donnée officielle"
"TA","Animaux vivants","202","Afrique du Sud","5609","Importations - Quantité","1057","Poulets","2017","2017","1000 têtes","397","","Donnée officielle"
"TA","Animaux vivants","202","Afrique du Sud","5609","Importations - Quantité","1057","Poulets","2018","2018","1000 têtes","476","","Donnée officielle"
"TA","Animaux vivants","3","Albanie","5609","Importations - Quantité","1057","Poulets","2017","2017","1000 têtes","4572","","Donnée officielle"
"TA","Animaux vivants","3","Albanie","5609","Importations - Quantité","1057","Poulets","2018","2018","1000 têtes","4700","","Donnée officielle"
"TA","Animaux vivants","4","Algérie","5609","Importations - Quantité","1057","Poulets","2017","2017","1000 têtes","4790","R","Données estimées en utilisant les données des pays partenaires"
"TA","Animaux vivants","4","Algérie","5609","Importations - Quantité","1057","Poulets","2018","2018","1000 têtes","5838","R","Données estimées en utilisant les données des pays partenaires"
"TA","Animaux vivants","79","Allemagne","5609","Importations - Quantité","1057","Poulets","2017","2017","1000 têtes","185661","","Donnée officielle"
"TA","Animaux vivants","79","Allemagne","5609","Importations - Quantité","1057","Poulets","2018","2018","1000 têtes","164936","","Donnée officielle"
"TA","Animaux vivants","7","Angola","5609","Importations - Quantité","1057","Poulets","2017","2017","1000 têtes","1649","R","Données estimées en utilisant les données des pays partenaires"
"TA","Animaux vivants","7","Angola","5609","Importations - Quantité","1057","Poulets","2018","2018","1000 têtes","1898","R","Données estimées en utilisant les données des pays partenaires"
"TA","Animaux vivants","8","Antigua-et-Barbuda","5609","Importations - Quantité","1057","Poulets","2017","2017","1000 têtes","10","","Donnée officielle"
"TA","Animaux vivants","8","Antigua-et-Barbuda","5609","Importations - Quantité","1057","Poulets","2018","2018","1000 têtes","24","","Donnée officielle"
"TA","Animaux vivants","194","Arabie saoudite","5609","Importations - Quantité","1057","Poulets","2017","2017","1000 têtes","3060","Im","Données de la FAO basées sur une méthodologie d'imputation"
"TA","Animaux vivants","194","Arabie saoudite","5609","Importations - Quantité","1057","Poulets","2018","2018","1000 têtes","3189","Im","Données de la FAO basées sur une méthodologie d'imputation"
"TA","Animaux vivants","9","Argentine","5609","Importations - Quantité","1057","Poulets","2017","2017","1000 têtes","671","","Donnée officielle"
"TA","Animaux vivants","9","Argentine","5609","Importations - Quantité","1057","Poulets","2018","2018","1000 têtes","626","","Donnée officielle"
"TA","Animaux vivants","1","Arménie","5609","Importations - Quantité","1057","Poulets","2017","2017","1000 têtes","6821","","Donnée officielle"
"TA","Animaux vivants","1","Arménie","5609","Importations - Quantité","1057","Poulets","2018","2018","1000 têtes","7381","","Donnée officielle"
"TA","Animaux vivants","11","Autriche","5609","Importations - Quantité","1057","Poulets","2017","2017","1000 têtes","14751","","Donnée officielle"
"TA","Animaux vivants","11","Autriche","5609","Importations - Quantité","1057","Poulets","2018","2018","1000 têtes","16343","","Donnée officielle"
"TA","Animaux vivants","52","Azerbaïdjan","5609","Importations - Quantité","1057","Poulets","2017","2017","1000 têtes","3230","R","Données estimées en utilisant les données des pays partenaires"
"TA","Animaux vivants","52","Azerbaïdjan","5609","Importations - Quantité","1057","Poulets","2018","2018","1000 têtes","2940","","Donnée officielle"
"TA","Animaux vivants","12","Bahamas","5609","Importations - Quantité","1057","Poulets","2017","2017","1000 têtes","402","*","Chiffre non officiel"
"TA","Animaux vivants","12","Bahamas","5609","Importations - Quantité","1057","Poulets","2018","2018","1000 têtes","409","R","Données estimées en utilisant les données des pays partenaires"
"TA","Animaux vivants","13","Bahreïn","5609","Importations - Quantité","1057","Poulets","2017","2017","1000 têtes","230","","Donnée officielle"
"TA","Animaux vivants","13","Bahreïn","5609","Importations - Quantité","1057","Poulets","2018","2018","1000 têtes","184","","Donnée officielle"
"TA","Animaux vivants","16","Bangladesh","5609","Importations - Quantité","1057","Poulets","2017","2017","1000 têtes","4063","R","Données estimées en utilisant les données des pays partenaires"
"TA","Animaux vivants","16","Bangladesh","5609","Importations - Quantité","1057","Poulets","2018","2018","1000 têtes","3783","R","Données estimées en utilisant les données des pays partenaires"
"TA","Animaux vivants","57","Bélarus","5609","Importations - Quantité","1057","Poulets","2017","2017","1000 têtes","6733","","Donnée officielle"
"TA","Animaux vivants","57","Bélarus","5609","Importations - Quantité","1057","Poulets","2018","2018","1000 têtes","9832","","Donnée officielle"
"TA","Animaux vivants","255","Belgique","5609","Importations - Quantité","1057","Poulets","2017","2017","1000 têtes","141743","","Donnée officielle"
"TA","Animaux vivants","255","Belgique","5609","Importations - Quantité","1057","Poulets","2018","2018","1000 têtes","142799","","Donnée officielle"
"TA","Animaux vivants","23","Belize","5609","Importations - Quantité","1057","Poulets","2017","2017","1000 têtes","132","*","Chiffre non officiel"
"TA","Animaux vivants","23","Belize","5609","Importations - Quantité","1057","Poulets","2018","2018","1000 têtes","12","","Donnée officielle"
"TA","Animaux vivants","53","Bénin","5609","Importations - Quantité","1057","Poulets","2017","2017","1000 têtes","14","","Donnée officielle"
"TA","Animaux vivants","53","Bénin","5609","Importations - Quantité","1057","Poulets","2018","2018","1000 têtes","76","","Donnée officielle"
"TA","Animaux vivants","18","Bhoutan","5609","Importations - Quantité","1057","Poulets","2017","2017","1000 têtes","360","","Donnée officielle"
"TA","Animaux vivants","18","Bhoutan","5609","Importations - Quantité","1057","Poulets","2018","2018","1000 têtes","11","R","Données estimées en utilisant les données des pays partenaires"
"TA","Animaux vivants","19","Bolivie (État plurinational de)","5609","Importations - Quantité","1057","Poulets","2017","2017","1000 têtes","936","","Donnée officielle"
"TA","Animaux vivants","19","Bolivie (État plurinational de)","5609","Importations - Quantité","1057","Poulets","2018","2018","1000 têtes","1702","","Donnée officielle"
"TA","Animaux vivants","80","Bosnie-Herzégovine","5609","Importations - Quantité","1057","Poulets","2017","2017","1000 têtes","24491","","Donnée officielle"
"TA","Animaux vivants","80","Bosnie-Herzégovine","5609","Importations - Quantité","1057","Poulets","2018","2018","1000 têtes","30357","","Donnée officielle"
"TA","Animaux vivants","20","Botswana","5609","Importations - Quantité","1057","Poulets","2017","2017","1000 têtes","872","","Donnée officielle"
"TA","Animaux vivants","20","Botswana","5609","Importations - Quantité","1057","Poulets","2018","2018","1000 têtes","512","","Donnée officielle"
"TA","Animaux vivants","21","Brésil","5609","Importations - Quantité","1057","Poulets","2017","2017","1000 têtes","40","","Donnée officielle"
"TA","Animaux vivants","21","Brésil","5609","Importations - Quantité","1057","Poulets","2018","2018","1000 têtes","100","","Donnée officielle"
"TA","Animaux vivants","26","Brunéi Darussalam","5609","Importations - Quantité","1057","Poulets","2017","2017","1000 têtes","852","","Donnée officielle"
"TA","Animaux vivants","26","Brunéi Darussalam","5609","Importations - Quantité","1057","Poulets","2018","2018","1000 têtes","2028","","Donnée officielle"
"TA","Animaux vivants","27","Bulgarie","5609","Importations - Quantité","1057","Poulets","2017","2017","1000 têtes","1926","","Donnée officielle"
"TA","Animaux vivants","27","Bulgarie","5609","Importations - Quantité","1057","Poulets","2018","2018","1000 têtes","2391","","Donnée officielle"
"TA","Animaux vivants","233","Burkina Faso","5609","Importations - Quantité","1057","Poulets","2017","2017","1000 têtes","744","","Donnée officielle"
"TA","Animaux vivants","233","Burkina Faso","5609","Importations - Quantité","1057","Poulets","2018","2018","1000 têtes","187","Im","Données de la FAO basées sur une méthodologie d'imputation"
"TA","Animaux vivants","29","Burundi","5609","Importations - Quantité","1057","Poulets","2017","2017","1000 têtes","36","","Donnée officielle"
"TA","Animaux vivants","29","Burundi","5609","Importations - Quantité","1057","Poulets","2018","2018","1000 têtes","31","","Donnée officielle"
"TA","Animaux vivants","35","Cabo Verde","5609","Importations - Quantité","1057","Poulets","2017","2017","1000 têtes","115","","Donnée officielle"
"TA","Animaux vivants","35","Cabo Verde","5609","Importations - Quantité","1057","Poulets","2018","2018","1000 têtes","165","","Donnée officielle"
"TA","Animaux vivants","115","Cambodge","5609","Importations - Quantité","1057","Poulets","2017","2017","1000 têtes","761","Im","Données de la FAO basées sur une méthodologie d'imputation"
"TA","Animaux vivants","115","Cambodge","5609","Importations - Quantité","1057","Poulets","2018","2018","1000 têtes","3935","Im","Données de la FAO basées sur une méthodologie d'imputation"
"TA","Animaux vivants","32","Cameroun","5609","Importations - Quantité","1057","Poulets","2017","2017","1000 têtes","72","Im","Données de la FAO basées sur une méthodologie d'imputation"
"TA","Animaux vivants","32","Cameroun","5609","Importations - Quantité","1057","Poulets","2018","2018","1000 têtes","625","R","Données estimées en utilisant les données des pays partenaires"
"TA","Animaux vivants","33","Canada","5609","Importations - Quantité","1057","Poulets","2017","2017","1000 têtes","56832","","Donnée officielle"
"TA","Animaux vivants","33","Canada","5609","Importations - Quantité","1057","Poulets","2018","2018","1000 têtes","36827","","Donnée officielle"
"TA","Animaux vivants","40","Chili","5609","Importations - Quantité","1057","Poulets","2017","2017","1000 têtes","1080","Im","Données de la FAO basées sur une méthodologie d'imputation"
"TA","Animaux vivants","40","Chili","5609","Importations - Quantité","1057","Poulets","2018","2018","1000 têtes","448","Im","Données de la FAO basées sur une méthodologie d'imputation"
"TA","Animaux vivants","96","Chine - RAS de Hong-Kong","5609","Importations - Quantité","1057","Poulets","2017","2017","1000 têtes","140","*","Chiffre non officiel"
"TA","Animaux vivants","96","Chine - RAS de Hong-Kong","5609","Importations - Quantité","1057","Poulets","2018","2018","1000 têtes","2232","","Donnée officielle"
"TA","Animaux vivants","128","Chine - RAS de Macao","5609","Importations - Quantité","1057","Poulets","2017","2017","1000 têtes","2550","F","Estimation FAO"
"TA","Animaux vivants","128","Chine - RAS de Macao","5609","Importations - Quantité","1057","Poulets","2018","2018","1000 têtes","2712","F","Estimation FAO"
"TA","Animaux vivants","41","Chine, continentale","5609","Importations - Quantité","1057","Poulets","2017","2017","1000 têtes","1018","","Donnée officielle"
"TA","Animaux vivants","41","Chine, continentale","5609","Importations - Quantité","1057","Poulets","2018","2018","1000 têtes","1329","","Donnée officielle"
"TA","Animaux vivants","214","Chine, Taiwan Province de","5609","Importations - Quantité","1057","Poulets","2017","2017","1000 têtes","750","Im","Données de la FAO basées sur une méthodologie d'imputation"
"TA","Animaux vivants","214","Chine, Taiwan Province de","5609","Importations - Quantité","1057","Poulets","2018","2018","1000 têtes","1248","Im","Données de la FAO basées sur une méthodologie d'imputation"
"TA","Animaux vivants","50","Chypre","5609","Importations - Quantité","1057","Poulets","2017","2017","1000 têtes","118","","Donnée officielle"
"TA","Animaux vivants","50","Chypre","5609","Importations - Quantité","1057","Poulets","2018","2018","1000 têtes","144","","Donnée officielle"
"TA","Animaux vivants","44","Colombie","5609","Importations - Quantité","1057","Poulets","2017","2017","1000 têtes","820","","Donnée officielle"
"TA","Animaux vivants","44","Colombie","5609","Importations - Quantité","1057","Poulets","2018","2018","1000 têtes","828","","Donnée officielle"
"TA","Animaux vivants","45","Comores","5609","Importations - Quantité","1057","Poulets","2017","2017","1000 têtes","66","R","Données estimées en utilisant les données des pays partenaires"
"TA","Animaux vivants","45","Comores","5609","Importations - Quantité","1057","Poulets","2018","2018","1000 têtes","88","R","Données estimées en utilisant les données des pays partenaires"
"TA","Animaux vivants","46","Congo","5609","Importations - Quantité","1057","Poulets","2017","2017","1000 têtes","219","","Donnée officielle"
"TA","Animaux vivants","46","Congo","5609","Importations - Quantité","1057","Poulets","2018","2018","1000 têtes","73","","Donnée officielle"
"TA","Animaux vivants","48","Costa Rica","5609","Importations - Quantité","1057","Poulets","2017","2017","1000 têtes","1408","","Donnée officielle"
"TA","Animaux vivants","48","Costa Rica","5609","Importations - Quantité","1057","Poulets","2018","2018","1000 têtes","1336","","Donnée officielle"
"TA","Animaux vivants","107","Côte d'Ivoire","5609","Importations - Quantité","1057","Poulets","2017","2017","1000 têtes","983","","Donnée officielle"
"TA","Animaux vivants","107","Côte d'Ivoire","5609","Importations - Quantité","1057","Poulets","2018","2018","1000 têtes","1143","Im","Données de la FAO basées sur une méthodologie d'imputation"
"TA","Animaux vivants","98","Croatie","5609","Importations - Quantité","1057","Poulets","2017","2017","1000 têtes","8663","","Donnée officielle"
"TA","Animaux vivants","98","Croatie","5609","Importations - Quantité","1057","Poulets","2018","2018","1000 têtes","8811","","Donnée officielle"
"TA","Animaux vivants","54","Danemark","5609","Importations - Quantité","1057","Poulets","2017","2017","1000 têtes","2942","","Donnée officielle"
"TA","Animaux vivants","54","Danemark","5609","Importations - Quantité","1057","Poulets","2018","2018","1000 têtes","1895","","Donnée officielle"
"TA","Animaux vivants","55","Dominique","5609","Importations - Quantité","1057","Poulets","2017","2017","1000 têtes","85","F","Estimation FAO"
"TA","Animaux vivants","55","Dominique","5609","Importations - Quantité","1057","Poulets","2018","2018","1000 têtes","80","F","Estimation FAO"
"TA","Animaux vivants","59","Égypte","5609","Importations - Quantité","1057","Poulets","2017","2017","1000 têtes","1128","Im","Données de la FAO basées sur une méthodologie d'imputation"
"TA","Animaux vivants","59","Égypte","5609","Importations - Quantité","1057","Poulets","2018","2018","1000 têtes","4080","Im","Données de la FAO basées sur une méthodologie d'imputation"
"TA","Animaux vivants","60","El Salvador","5609","Importations - Quantité","1057","Poulets","2017","2017","1000 têtes","4185","","Donnée officielle"
"TA","Animaux vivants","60","El Salvador","5609","Importations - Quantité","1057","Poulets","2018","2018","1000 têtes","4917","","Donnée officielle"
"TA","Animaux vivants","225","Émirats arabes unis","5609","Importations - Quantité","1057","Poulets","2017","2017","1000 têtes","1000","F","Estimation FAO"
"TA","Animaux vivants","225","Émirats arabes unis","5609","Importations - Quantité","1057","Poulets","2018","2018","1000 têtes","1003","","Donnée officielle"
"TA","Animaux vivants","58","Équateur","5609","Importations - Quantité","1057","Poulets","2017","2017","1000 têtes","3045","","Donnée officielle"
"TA","Animaux vivants","58","Équateur","5609","Importations - Quantité","1057","Poulets","2018","2018","1000 têtes","3533","","Donnée officielle"
"TA","Animaux vivants","178","Érythrée","5609","Importations - Quantité","1057","Poulets","2017","2017","1000 têtes","141","R","Données estimées en utilisant les données des pays partenaires"
"TA","Animaux vivants","203","Espagne","5609","Importations - Quantité","1057","Poulets","2017","2017","1000 têtes","64906","","Donnée officielle"
"TA","Animaux vivants","203","Espagne","5609","Importations - Quantité","1057","Poulets","2018","2018","1000 têtes","67110","","Donnée officielle"
"TA","Animaux vivants","63","Estonie","5609","Importations - Quantité","1057","Poulets","2017","2017","1000 têtes","2782","","Donnée officielle"
"TA","Animaux vivants","63","Estonie","5609","Importations - Quantité","1057","Poulets","2018","2018","1000 têtes","4191","","Donnée officielle"
"TA","Animaux vivants","209","Eswatini","5609","Importations - Quantité","1057","Poulets","2017","2017","1000 têtes","1058","","Donnée officielle"
"TA","Animaux vivants","209","Eswatini","5609","Importations - Quantité","1057","Poulets","2018","2018","1000 têtes","240","","Donnée officielle"
"TA","Animaux vivants","231","États-Unis d'Amérique","5609","Importations - Quantité","1057","Poulets","2017","2017","1000 têtes","4872","","Donnée officielle"
"TA","Animaux vivants","231","États-Unis d'Amérique","5609","Importations - Quantité","1057","Poulets","2018","2018","1000 têtes","4023","","Donnée officielle"
"TA","Animaux vivants","238","Éthiopie","5609","Importations - Quantité","1057","Poulets","2017","2017","1000 têtes","2","","Donnée officielle"
"TA","Animaux vivants","185","Fédération de Russie","5609","Importations - Quantité","1057","Poulets","2017","2017","1000 têtes","7546","","Donnée officielle"
"TA","Animaux vivants","185","Fédération de Russie","5609","Importations - Quantité","1057","Poulets","2018","2018","1000 têtes","6988","","Donnée officielle"
"TA","Animaux vivants","66","Fidji","5609","Importations - Quantité","1057","Poulets","2017","2017","1000 têtes","415","","Donnée officielle"
"TA","Animaux vivants","66","Fidji","5609","Importations - Quantité","1057","Poulets","2018","2018","1000 têtes","494","","Donnée officielle"
"TA","Animaux vivants","67","Finlande","5609","Importations - Quantité","1057","Poulets","2017","2017","1000 têtes","310","","Donnée officielle"
"TA","Animaux vivants","67","Finlande","5609","Importations - Quantité","1057","Poulets","2018","2018","1000 têtes","390","","Donnée officielle"
"TA","Animaux vivants","68","France","5609","Importations - Quantité","1057","Poulets","2017","2017","1000 têtes","24937","","Donnée officielle"
"TA","Animaux vivants","68","France","5609","Importations - Quantité","1057","Poulets","2018","2018","1000 têtes","23907","","Donnée officielle"
"TA","Animaux vivants","74","Gabon","5609","Importations - Quantité","1057","Poulets","2017","2017","1000 têtes","245","R","Données estimées en utilisant les données des pays partenaires"
"TA","Animaux vivants","74","Gabon","5609","Importations - Quantité","1057","Poulets","2018","2018","1000 têtes","163","R","Données estimées en utilisant les données des pays partenaires"
"TA","Animaux vivants","75","Gambie","5609","Importations - Quantité","1057","Poulets","2017","2017","1000 têtes","3","","Donnée officielle"
"TA","Animaux vivants","75","Gambie","5609","Importations - Quantité","1057","Poulets","2018","2018","1000 têtes","4","Im","Données de la FAO basées sur une méthodologie d'imputation"
"TA","Animaux vivants","73","Géorgie","5609","Importations - Quantité","1057","Poulets","2017","2017","1000 têtes","1776","","Donnée officielle"
"TA","Animaux vivants","73","Géorgie","5609","Importations - Quantité","1057","Poulets","2018","2018","1000 têtes","1905","","Donnée officielle"
"TA","Animaux vivants","81","Ghana","5609","Importations - Quantité","1057","Poulets","2017","2017","1000 têtes","10731","","Donnée officielle"
"TA","Animaux vivants","81","Ghana","5609","Importations - Quantité","1057","Poulets","2018","2018","1000 têtes","10954","","Donnée officielle"
"TA","Animaux vivants","84","Grèce","5609","Importations - Quantité","1057","Poulets","2017","2017","1000 têtes","3691","","Donnée officielle"
"TA","Animaux vivants","84","Grèce","5609","Importations - Quantité","1057","Poulets","2018","2018","1000 têtes","5035","","Donnée officielle"
"TA","Animaux vivants","86","Grenade","5609","Importations - Quantité","1057","Poulets","2017","2017","1000 têtes","148","R","Données estimées en utilisant les données des pays partenaires"
"TA","Animaux vivants","86","Grenade","5609","Importations - Quantité","1057","Poulets","2018","2018","1000 têtes","87","R","Données estimées en utilisant les données des pays partenaires"
"TA","Animaux vivants","89","Guatemala","5609","Importations - Quantité","1057","Poulets","2017","2017","1000 têtes","10484","","Donnée officielle"
"TA","Animaux vivants","89","Guatemala","5609","Importations - Quantité","1057","Poulets","2018","2018","1000 têtes","11261","","Donnée officielle"
"TA","Animaux vivants","90","Guinée","5609","Importations - Quantité","1057","Poulets","2017","2017","1000 têtes","1693","R","Données estimées en utilisant les données des pays partenaires"
"TA","Animaux vivants","90","Guinée","5609","Importations - Quantité","1057","Poulets","2018","2018","1000 têtes","1700","R","Données estimées en utilisant les données des pays partenaires"
"TA","Animaux vivants","61","Guinée équatoriale","5609","Importations - Quantité","1057","Poulets","2017","2017","1000 têtes","42","R","Données estimées en utilisant les données des pays partenaires"
"TA","Animaux vivants","61","Guinée équatoriale","5609","Importations - Quantité","1057","Poulets","2018","2018","1000 têtes","27","*","Chiffre non officiel"
"TA","Animaux vivants","175","Guinée-Bissau","5609","Importations - Quantité","1057","Poulets","2017","2017","1000 têtes","35","*","Chiffre non officiel"
"TA","Animaux vivants","175","Guinée-Bissau","5609","Importations - Quantité","1057","Poulets","2018","2018","1000 têtes","4","*","Chiffre non officiel"
"TA","Animaux vivants","91","Guyana","5609","Importations - Quantité","1057","Poulets","2017","2017","1000 têtes","43","","Donnée officielle"
"TA","Animaux vivants","91","Guyana","5609","Importations - Quantité","1057","Poulets","2018","2018","1000 têtes","66","","Donnée officielle"
"TA","Animaux vivants","93","Haïti","5609","Importations - Quantité","1057","Poulets","2017","2017","1000 têtes","1867","Im","Données de la FAO basées sur une méthodologie d'imputation"
"TA","Animaux vivants","93","Haïti","5609","Importations - Quantité","1057","Poulets","2018","2018","1000 têtes","3100","R","Données estimées en utilisant les données des pays partenaires"
"TA","Animaux vivants","95","Honduras","5609","Importations - Quantité","1057","Poulets","2017","2017","1000 têtes","1478","","Donnée officielle"
"TA","Animaux vivants","95","Honduras","5609","Importations - Quantité","1057","Poulets","2018","2018","1000 têtes","1865","","Donnée officielle"
"TA","Animaux vivants","97","Hongrie","5609","Importations - Quantité","1057","Poulets","2017","2017","1000 têtes","25073","","Donnée officielle"
"TA","Animaux vivants","97","Hongrie","5609","Importations - Quantité","1057","Poulets","2018","2018","1000 têtes","22351","","Donnée officielle"
"TA","Animaux vivants","47","Îles Cook","5609","Importations - Quantité","1057","Poulets","2017","2017","1000 têtes","0","*","Chiffre non officiel"
"TA","Animaux vivants","47","Îles Cook","5609","Importations - Quantité","1057","Poulets","2018","2018","1000 têtes","1","*","Chiffre non officiel"
"TA","Animaux vivants","64","Îles Féroé","5609","Importations - Quantité","1057","Poulets","2017","2017","1000 têtes","1","*","Chiffre non officiel"
"TA","Animaux vivants","64","Îles Féroé","5609","Importations - Quantité","1057","Poulets","2018","2018","1000 têtes","5","*","Chiffre non officiel"
"TA","Animaux vivants","100","Inde","5609","Importations - Quantité","1057","Poulets","2017","2017","1000 têtes","96","","Donnée officielle"
"TA","Animaux vivants","100","Inde","5609","Importations - Quantité","1057","Poulets","2018","2018","1000 têtes","160","","Donnée officielle"
"TA","Animaux vivants","101","Indonésie","5609","Importations - Quantité","1057","Poulets","2017","2017","1000 têtes","5282","Im","Données de la FAO basées sur une méthodologie d'imputation"
"TA","Animaux vivants","101","Indonésie","5609","Importations - Quantité","1057","Poulets","2018","2018","1000 têtes","1277","","Donnée officielle"
"TA","Animaux vivants","102","Iran (République islamique d')","5609","Importations - Quantité","1057","Poulets","2017","2017","1000 têtes","510","","Donnée officielle"
"TA","Animaux vivants","102","Iran (République islamique d')","5609","Importations - Quantité","1057","Poulets","2018","2018","1000 têtes","645","R","Données estimées en utilisant les données des pays partenaires"
"TA","Animaux vivants","103","Iraq","5609","Importations - Quantité","1057","Poulets","2017","2017","1000 têtes","991","R","Données estimées en utilisant les données des pays partenaires"
"TA","Animaux vivants","103","Iraq","5609","Importations - Quantité","1057","Poulets","2018","2018","1000 têtes","1417","R","Données estimées en utilisant les données des pays partenaires"
"TA","Animaux vivants","104","Irlande","5609","Importations - Quantité","1057","Poulets","2017","2017","1000 têtes","5812","","Donnée officielle"
"TA","Animaux vivants","104","Irlande","5609","Importations - Quantité","1057","Poulets","2018","2018","1000 têtes","7644","","Donnée officielle"
"TA","Animaux vivants","105","Israël","5609","Importations - Quantité","1057","Poulets","2017","2017","1000 têtes","1347","Im","Données de la FAO basées sur une méthodologie d'imputation"
"TA","Animaux vivants","105","Israël","5609","Importations - Quantité","1057","Poulets","2018","2018","1000 têtes","684","Im","Données de la FAO basées sur une méthodologie d'imputation"
"TA","Animaux vivants","106","Italie","5609","Importations - Quantité","1057","Poulets","2017","2017","1000 têtes","11625","","Donnée officielle"
"TA","Animaux vivants","106","Italie","5609","Importations - Quantité","1057","Poulets","2018","2018","1000 têtes","9069","","Donnée officielle"
"TA","Animaux vivants","109","Jamaïque","5609","Importations - Quantité","1057","Poulets","2017","2017","1000 têtes","579","","Donnée officielle"
"TA","Animaux vivants","109","Jamaïque","5609","Importations - Quantité","1057","Poulets","2018","2018","1000 têtes","410","*","Chiffre non officiel"
"TA","Animaux vivants","110","Japon","5609","Importations - Quantité","1057","Poulets","2017","2017","1000 têtes","403","","Donnée officielle"
"TA","Animaux vivants","110","Japon","5609","Importations - Quantité","1057","Poulets","2018","2018","1000 têtes","514","","Donnée officielle"
"TA","Animaux vivants","112","Jordanie","5609","Importations - Quantité","1057","Poulets","2017","2017","1000 têtes","1171","R","Données estimées en utilisant les données des pays partenaires"
"TA","Animaux vivants","112","Jordanie","5609","Importations - Quantité","1057","Poulets","2018","2018","1000 têtes","67","","Donnée officielle"
"TA","Animaux vivants","108","Kazakhstan","5609","Importations - Quantité","1057","Poulets","2017","2017","1000 têtes","9409","R","Données estimées en utilisant les données des pays partenaires"
"TA","Animaux vivants","108","Kazakhstan","5609","Importations - Quantité","1057","Poulets","2018","2018","1000 têtes","748","","Donnée officielle"
"TA","Animaux vivants","114","Kenya","5609","Importations - Quantité","1057","Poulets","2017","2017","1000 têtes","269","","Donnée officielle"
"TA","Animaux vivants","114","Kenya","5609","Importations - Quantité","1057","Poulets","2018","2018","1000 têtes","582","","Donnée officielle"
"TA","Animaux vivants","113","Kirghizistan","5609","Importations - Quantité","1057","Poulets","2017","2017","1000 têtes","209","","Donnée officielle"
"TA","Animaux vivants","113","Kirghizistan","5609","Importations - Quantité","1057","Poulets","2018","2018","1000 têtes","45","","Donnée officielle"
"TA","Animaux vivants","83","Kiribati","5609","Importations - Quantité","1057","Poulets","2017","2017","1000 têtes","17","R","Données estimées en utilisant les données des pays partenaires"
"TA","Animaux vivants","83","Kiribati","5609","Importations - Quantité","1057","Poulets","2018","2018","1000 têtes","1","*","Chiffre non officiel"
"TA","Animaux vivants","118","Koweït","5609","Importations - Quantité","1057","Poulets","2017","2017","1000 têtes","1326","","Donnée officielle"
"TA","Animaux vivants","118","Koweït","5609","Importations - Quantité","1057","Poulets","2018","2018","1000 têtes","3278","","Donnée officielle"
"TA","Animaux vivants","122","Lesotho","5609","Importations - Quantité","1057","Poulets","2017","2017","1000 têtes","1349","","Donnée officielle"
"TA","Animaux vivants","122","Lesotho","5609","Importations - Quantité","1057","Poulets","2018","2018","1000 têtes","3544","R","Données estimées en utilisant les données des pays partenaires"
"TA","Animaux vivants","119","Lettonie","5609","Importations - Quantité","1057","Poulets","2017","2017","1000 têtes","2051","","Donnée officielle"
"TA","Animaux vivants","119","Lettonie","5609","Importations - Quantité","1057","Poulets","2018","2018","1000 têtes","2640","","Donnée officielle"
"TA","Animaux vivants","121","Liban","5609","Importations - Quantité","1057","Poulets","2017","2017","1000 têtes","1239","","Donnée officielle"
"TA","Animaux vivants","121","Liban","5609","Importations - Quantité","1057","Poulets","2018","2018","1000 têtes","994","","Donnée officielle"
"TA","Animaux vivants","123","Libéria","5609","Importations - Quantité","1057","Poulets","2017","2017","1000 têtes","10","R","Données estimées en utilisant les données des pays partenaires"
"TA","Animaux vivants","123","Libéria","5609","Importations - Quantité","1057","Poulets","2018","2018","1000 têtes","154","R","Données estimées en utilisant les données des pays partenaires"
"TA","Animaux vivants","124","Libye","5609","Importations - Quantité","1057","Poulets","2017","2017","1000 têtes","0","*","Chiffre non officiel"
"TA","Animaux vivants","124","Libye","5609","Importations - Quantité","1057","Poulets","2018","2018","1000 têtes","0","*","Chiffre non officiel"
"TA","Animaux vivants","126","Lituanie","5609","Importations - Quantité","1057","Poulets","2017","2017","1000 têtes","5142","","Donnée officielle"
"TA","Animaux vivants","126","Lituanie","5609","Importations - Quantité","1057","Poulets","2018","2018","1000 têtes","3439","","Donnée officielle"
"TA","Animaux vivants","256","Luxembourg","5609","Importations - Quantité","1057","Poulets","2017","2017","1000 têtes","64","","Donnée officielle"
"TA","Animaux vivants","256","Luxembourg","5609","Importations - Quantité","1057","Poulets","2018","2018","1000 têtes","79","Im","Données de la FAO basées sur une méthodologie d'imputation"
"TA","Animaux vivants","154","Macédoine du Nord","5609","Importations - Quantité","1057","Poulets","2017","2017","1000 têtes","830","","Donnée officielle"
"TA","Animaux vivants","154","Macédoine du Nord","5609","Importations - Quantité","1057","Poulets","2018","2018","1000 têtes","1013","","Donnée officielle"
"TA","Animaux vivants","129","Madagascar","5609","Importations - Quantité","1057","Poulets","2017","2017","1000 têtes","465","","Donnée officielle"
"TA","Animaux vivants","129","Madagascar","5609","Importations - Quantité","1057","Poulets","2018","2018","1000 têtes","761","","Donnée officielle"
"TA","Animaux vivants","131","Malaisie","5609","Importations - Quantité","1057","Poulets","2017","2017","1000 têtes","2727","","Donnée officielle"
"TA","Animaux vivants","131","Malaisie","5609","Importations - Quantité","1057","Poulets","2018","2018","1000 têtes","2216","","Donnée officielle"
"TA","Animaux vivants","130","Malawi","5609","Importations - Quantité","1057","Poulets","2017","2017","1000 têtes","260","","Donnée officielle"
"TA","Animaux vivants","130","Malawi","5609","Importations - Quantité","1057","Poulets","2018","2018","1000 têtes","297","R","Données estimées en utilisant les données des pays partenaires"
"TA","Animaux vivants","132","Maldives","5609","Importations - Quantité","1057","Poulets","2017","2017","1000 têtes","3","Im","Données de la FAO basées sur une méthodologie d'imputation"
"TA","Animaux vivants","132","Maldives","5609","Importations - Quantité","1057","Poulets","2018","2018","1000 têtes","13","","Donnée officielle"
"TA","Animaux vivants","133","Mali","5609","Importations - Quantité","1057","Poulets","2017","2017","1000 têtes","2420","F","Estimation FAO"
"TA","Animaux vivants","133","Mali","5609","Importations - Quantité","1057","Poulets","2018","2018","1000 têtes","2810","R","Données estimées en utilisant les données des pays partenaires"
"TA","Animaux vivants","134","Malte","5609","Importations - Quantité","1057","Poulets","2017","2017","1000 têtes","14","","Donnée officielle"
"TA","Animaux vivants","134","Malte","5609","Importations - Quantité","1057","Poulets","2018","2018","1000 têtes","7","","Donnée officielle"
"TA","Animaux vivants","143","Maroc","5609","Importations - Quantité","1057","Poulets","2017","2017","1000 têtes","3800","F","Estimation FAO"
"TA","Animaux vivants","143","Maroc","5609","Importations - Quantité","1057","Poulets","2018","2018","1000 têtes","1318","Im","Données de la FAO basées sur une méthodologie d'imputation"
"TA","Animaux vivants","137","Maurice","5609","Importations - Quantité","1057","Poulets","2017","2017","1000 têtes","434","","Donnée officielle"
"TA","Animaux vivants","137","Maurice","5609","Importations - Quantité","1057","Poulets","2018","2018","1000 têtes","523","","Donnée officielle"
"TA","Animaux vivants","136","Mauritanie","5609","Importations - Quantité","1057","Poulets","2017","2017","1000 têtes","128","","Donnée officielle"
"TA","Animaux vivants","138","Mexique","5609","Importations - Quantité","1057","Poulets","2017","2017","1000 têtes","2495","","Donnée officielle"
"TA","Animaux vivants","138","Mexique","5609","Importations - Quantité","1057","Poulets","2018","2018","1000 têtes","1684","","Donnée officielle"
"TA","Animaux vivants","141","Mongolie","5609","Importations - Quantité","1057","Poulets","2017","2017","1000 têtes","216","","Donnée officielle"
"TA","Animaux vivants","141","Mongolie","5609","Importations - Quantité","1057","Poulets","2018","2018","1000 têtes","30","","Donnée officielle"
"TA","Animaux vivants","273","Monténégro","5609","Importations - Quantité","1057","Poulets","2017","2017","1000 têtes","1862","","Donnée officielle"
"TA","Animaux vivants","273","Monténégro","5609","Importations - Quantité","1057","Poulets","2018","2018","1000 têtes","2201","","Donnée officielle"
"TA","Animaux vivants","144","Mozambique","5609","Importations - Quantité","1057","Poulets","2017","2017","1000 têtes","2446","R","Données estimées en utilisant les données des pays partenaires"
"TA","Animaux vivants","144","Mozambique","5609","Importations - Quantité","1057","Poulets","2018","2018","1000 têtes","2079","Im","Données de la FAO basées sur une méthodologie d'imputation"
"TA","Animaux vivants","28","Myanmar","5609","Importations - Quantité","1057","Poulets","2017","2017","1000 têtes","5736","","Donnée officielle"
"TA","Animaux vivants","28","Myanmar","5609","Importations - Quantité","1057","Poulets","2018","2018","1000 têtes","11988","","Donnée officielle"
"TA","Animaux vivants","147","Namibie","5609","Importations - Quantité","1057","Poulets","2017","2017","1000 têtes","3975","","Donnée officielle"
"TA","Animaux vivants","147","Namibie","5609","Importations - Quantité","1057","Poulets","2018","2018","1000 têtes","279","Im","Données de la FAO basées sur une méthodologie d'imputation"
"TA","Animaux vivants","149","Népal","5609","Importations - Quantité","1057","Poulets","2017","2017","1000 têtes","1844","*","Chiffre non officiel"
"TA","Animaux vivants","149","Népal","5609","Importations - Quantité","1057","Poulets","2018","2018","1000 têtes","2470","R","Données estimées en utilisant les données des pays partenaires"
"TA","Animaux vivants","157","Nicaragua","5609","Importations - Quantité","1057","Poulets","2017","2017","1000 têtes","8036","","Donnée officielle"
"TA","Animaux vivants","157","Nicaragua","5609","Importations - Quantité","1057","Poulets","2018","2018","1000 têtes","8225","","Donnée officielle"
"TA","Animaux vivants","158","Niger","5609","Importations - Quantité","1057","Poulets","2017","2017","1000 têtes","279","R","Données estimées en utilisant les données des pays partenaires"
"TA","Animaux vivants","158","Niger","5609","Importations - Quantité","1057","Poulets","2018","2018","1000 têtes","369","R","Données estimées en utilisant les données des pays partenaires"
"TA","Animaux vivants","159","Nigéria","5609","Importations - Quantité","1057","Poulets","2017","2017","1000 têtes","110","*","Chiffre non officiel"
"TA","Animaux vivants","159","Nigéria","5609","Importations - Quantité","1057","Poulets","2018","2018","1000 têtes","20","*","Chiffre non officiel"
"TA","Animaux vivants","160","Nioué","5609","Importations - Quantité","1057","Poulets","2018","2018","1000 têtes","0","*","Chiffre non officiel"
"TA","Animaux vivants","162","Norvège","5609","Importations - Quantité","1057","Poulets","2017","2017","1000 têtes","25","","Donnée officielle"
"TA","Animaux vivants","162","Norvège","5609","Importations - Quantité","1057","Poulets","2018","2018","1000 têtes","15","","Donnée officielle"
"TA","Animaux vivants","153","Nouvelle-Calédonie","5609","Importations - Quantité","1057","Poulets","2017","2017","1000 têtes","8","R","Données estimées en utilisant les données des pays partenaires"
"TA","Animaux vivants","153","Nouvelle-Calédonie","5609","Importations - Quantité","1057","Poulets","2018","2018","1000 têtes","6","R","Données estimées en utilisant les données des pays partenaires"
"TA","Animaux vivants","221","Oman","5609","Importations - Quantité","1057","Poulets","2017","2017","1000 têtes","88","","Donnée officielle"
"TA","Animaux vivants","221","Oman","5609","Importations - Quantité","1057","Poulets","2018","2018","1000 têtes","103","","Donnée officielle"
"TA","Animaux vivants","226","Ouganda","5609","Importations - Quantité","1057","Poulets","2017","2017","1000 têtes","3165","","Donnée officielle"
"TA","Animaux vivants","226","Ouganda","5609","Importations - Quantité","1057","Poulets","2018","2018","1000 têtes","4111","","Donnée officielle"
"TA","Animaux vivants","235","Ouzbékistan","5609","Importations - Quantité","1057","Poulets","2017","2017","1000 têtes","1740","","Donnée officielle"
"TA","Animaux vivants","235","Ouzbékistan","5609","Importations - Quantité","1057","Poulets","2018","2018","1000 têtes","1604","","Donnée officielle"
"TA","Animaux vivants","165","Pakistan","5609","Importations - Quantité","1057","Poulets","2017","2017","1000 têtes","1024","","Donnée officielle"
"TA","Animaux vivants","165","Pakistan","5609","Importations - Quantité","1057","Poulets","2018","2018","1000 têtes","750","","Donnée officielle"
"TA","Animaux vivants","299","Palestine","5609","Importations - Quantité","1057","Poulets","2017","2017","1000 têtes","287","Im","Données de la FAO basées sur une méthodologie d'imputation"
"TA","Animaux vivants","299","Palestine","5609","Importations - Quantité","1057","Poulets","2018","2018","1000 têtes","352","Im","Données de la FAO basées sur une méthodologie d'imputation"
"TA","Animaux vivants","166","Panama","5609","Importations - Quantité","1057","Poulets","2017","2017","1000 têtes","1534","R","Données estimées en utilisant les données des pays partenaires"
"TA","Animaux vivants","166","Panama","5609","Importations - Quantité","1057","Poulets","2018","2018","1000 têtes","1352","R","Données estimées en utilisant les données des pays partenaires"
"TA","Animaux vivants","168","Papouasie-Nouvelle-Guinée","5609","Importations - Quantité","1057","Poulets","2017","2017","1000 têtes","100","R","Données estimées en utilisant les données des pays partenaires"
"TA","Animaux vivants","168","Papouasie-Nouvelle-Guinée","5609","Importations - Quantité","1057","Poulets","2018","2018","1000 têtes","93","*","Chiffre non officiel"
"TA","Animaux vivants","169","Paraguay","5609","Importations - Quantité","1057","Poulets","2017","2017","1000 têtes","8706","","Donnée officielle"
"TA","Animaux vivants","169","Paraguay","5609","Importations - Quantité","1057","Poulets","2018","2018","1000 têtes","11435","","Donnée officielle"
"TA","Animaux vivants","150","Pays-Bas","5609","Importations - Quantité","1057","Poulets","2017","2017","1000 têtes","473575","","Donnée officielle"
"TA","Animaux vivants","150","Pays-Bas","5609","Importations - Quantité","1057","Poulets","2018","2018","1000 têtes","443358","","Donnée officielle"
"TA","Animaux vivants","170","Pérou","5609","Importations - Quantité","1057","Poulets","2017","2017","1000 têtes","959","","Donnée officielle"
"TA","Animaux vivants","170","Pérou","5609","Importations - Quantité","1057","Poulets","2018","2018","1000 têtes","1922","","Donnée officielle"
"TA","Animaux vivants","173","Pologne","5609","Importations - Quantité","1057","Poulets","2017","2017","1000 têtes","77514","","Donnée officielle"
"TA","Animaux vivants","173","Pologne","5609","Importations - Quantité","1057","Poulets","2018","2018","1000 têtes","91008","","Donnée officielle"
"TA","Animaux vivants","70","Polynésie française","5609","Importations - Quantité","1057","Poulets","2017","2017","1000 têtes","149","R","Données estimées en utilisant les données des pays partenaires"
"TA","Animaux vivants","70","Polynésie française","5609","Importations - Quantité","1057","Poulets","2018","2018","1000 têtes","52","R","Données estimées en utilisant les données des pays partenaires"
"TA","Animaux vivants","174","Portugal","5609","Importations - Quantité","1057","Poulets","2017","2017","1000 têtes","12837","","Donnée officielle"
"TA","Animaux vivants","174","Portugal","5609","Importations - Quantité","1057","Poulets","2018","2018","1000 têtes","13097","","Donnée officielle"
"TA","Animaux vivants","179","Qatar","5609","Importations - Quantité","1057","Poulets","2017","2017","1000 têtes","339","","Donnée officielle"
"TA","Animaux vivants","179","Qatar","5609","Importations - Quantité","1057","Poulets","2018","2018","1000 têtes","385","","Donnée officielle"
"TA","Animaux vivants","212","République arabe syrienne","5609","Importations - Quantité","1057","Poulets","2017","2017","1000 têtes","41667","R","Données estimées en utilisant les données des pays partenaires"
"TA","Animaux vivants","212","République arabe syrienne","5609","Importations - Quantité","1057","Poulets","2018","2018","1000 têtes","52296","R","Données estimées en utilisant les données des pays partenaires"
"TA","Animaux vivants","37","République centrafricaine","5609","Importations - Quantité","1057","Poulets","2017","2017","1000 têtes","285","*","Chiffre non officiel"
"TA","Animaux vivants","37","République centrafricaine","5609","Importations - Quantité","1057","Poulets","2018","2018","1000 têtes","296","*","Chiffre non officiel"
"TA","Animaux vivants","117","République de Corée","5609","Importations - Quantité","1057","Poulets","2017","2017","1000 têtes","5617","","Donnée officielle"
"TA","Animaux vivants","117","République de Corée","5609","Importations - Quantité","1057","Poulets","2018","2018","1000 têtes","698","","Donnée officielle"
"TA","Animaux vivants","146","République de Moldova","5609","Importations - Quantité","1057","Poulets","2017","2017","1000 têtes","3745","","Donnée officielle"
"TA","Animaux vivants","146","République de Moldova","5609","Importations - Quantité","1057","Poulets","2018","2018","1000 têtes","2937","","Donnée officielle"
"TA","Animaux vivants","250","République démocratique du Congo","5609","Importations - Quantité","1057","Poulets","2017","2017","1000 têtes","984","R","Données estimées en utilisant les données des pays partenaires"
"TA","Animaux vivants","250","République démocratique du Congo","5609","Importations - Quantité","1057","Poulets","2018","2018","1000 têtes","1366","R","Données estimées en utilisant les données des pays partenaires"
"TA","Animaux vivants","120","République démocratique populaire lao","5609","Importations - Quantité","1057","Poulets","2017","2017","1000 têtes","982","R","Données estimées en utilisant les données des pays partenaires"
"TA","Animaux vivants","120","République démocratique populaire lao","5609","Importations - Quantité","1057","Poulets","2018","2018","1000 têtes","1429","R","Données estimées en utilisant les données des pays partenaires"
"TA","Animaux vivants","56","République dominicaine","5609","Importations - Quantité","1057","Poulets","2017","2017","1000 têtes","340","Im","Données de la FAO basées sur une méthodologie d'imputation"
"TA","Animaux vivants","56","République dominicaine","5609","Importations - Quantité","1057","Poulets","2018","2018","1000 têtes","468","Im","Données de la FAO basées sur une méthodologie d'imputation"
"TA","Animaux vivants","215","République-Unie de Tanzanie","5609","Importations - Quantité","1057","Poulets","2017","2017","1000 têtes","615","","Donnée officielle"
"TA","Animaux vivants","215","République-Unie de Tanzanie","5609","Importations - Quantité","1057","Poulets","2018","2018","1000 têtes","790","","Donnée officielle"
"TA","Animaux vivants","183","Roumanie","5609","Importations - Quantité","1057","Poulets","2017","2017","1000 têtes","103720","","Donnée officielle"
"TA","Animaux vivants","183","Roumanie","5609","Importations - Quantité","1057","Poulets","2018","2018","1000 têtes","120565","","Donnée officielle"
"TA","Animaux vivants","229","Royaume-Uni de Grande-Bretagne et d'Irlande du Nord","5609","Importations - Quantité","1057","Poulets","2017","2017","1000 têtes","39963","","Donnée officielle"
"TA","Animaux vivants","229","Royaume-Uni de Grande-Bretagne et d'Irlande du Nord","5609","Importations - Quantité","1057","Poulets","2018","2018","1000 têtes","40110","","Donnée officielle"
"TA","Animaux vivants","184","Rwanda","5609","Importations - Quantité","1057","Poulets","2017","2017","1000 têtes","364","","Donnée officielle"
"TA","Animaux vivants","184","Rwanda","5609","Importations - Quantité","1057","Poulets","2018","2018","1000 têtes","436","","Donnée officielle"
"TA","Animaux vivants","189","Sainte-Lucie","5609","Importations - Quantité","1057","Poulets","2017","2017","1000 têtes","54","","Donnée officielle"
"TA","Animaux vivants","189","Sainte-Lucie","5609","Importations - Quantité","1057","Poulets","2018","2018","1000 têtes","55","","Donnée officielle"
"TA","Animaux vivants","188","Saint-Kitts-et-Nevis","5609","Importations - Quantité","1057","Poulets","2017","2017","1000 têtes","22","F","Estimation FAO"
"TA","Animaux vivants","188","Saint-Kitts-et-Nevis","5609","Importations - Quantité","1057","Poulets","2018","2018","1000 têtes","23","R","Données estimées en utilisant les données des pays partenaires"
"TA","Animaux vivants","191","Saint-Vincent-et-les Grenadines","5609","Importations - Quantité","1057","Poulets","2017","2017","1000 têtes","3","","Donnée officielle"
"TA","Animaux vivants","191","Saint-Vincent-et-les Grenadines","5609","Importations - Quantité","1057","Poulets","2018","2018","1000 têtes","4","","Donnée officielle"
"TA","Animaux vivants","244","Samoa","5609","Importations - Quantité","1057","Poulets","2017","2017","1000 têtes","46","","Donnée officielle"
"TA","Animaux vivants","244","Samoa","5609","Importations - Quantité","1057","Poulets","2018","2018","1000 têtes","46","","Donnée officielle"
"TA","Animaux vivants","193","Sao Tomé-et-Principe","5609","Importations - Quantité","1057","Poulets","2017","2017","1000 têtes","62","","Donnée officielle"
"TA","Animaux vivants","193","Sao Tomé-et-Principe","5609","Importations - Quantité","1057","Poulets","2018","2018","1000 têtes","47","","Donnée officielle"
"TA","Animaux vivants","195","Sénégal","5609","Importations - Quantité","1057","Poulets","2017","2017","1000 têtes","161","","Donnée officielle"
"TA","Animaux vivants","195","Sénégal","5609","Importations - Quantité","1057","Poulets","2018","2018","1000 têtes","284","","Donnée officielle"
"TA","Animaux vivants","272","Serbie","5609","Importations - Quantité","1057","Poulets","2017","2017","1000 têtes","32337","","Donnée officielle"
"TA","Animaux vivants","272","Serbie","5609","Importations - Quantité","1057","Poulets","2018","2018","1000 têtes","26082","","Donnée officielle"
"TA","Animaux vivants","196","Seychelles","5609","Importations - Quantité","1057","Poulets","2017","2017","1000 têtes","166","","Donnée officielle"
"TA","Animaux vivants","196","Seychelles","5609","Importations - Quantité","1057","Poulets","2018","2018","1000 têtes","26","","Donnée officielle"
"TA","Animaux vivants","197","Sierra Leone","5609","Importations - Quantité","1057","Poulets","2017","2017","1000 têtes","256","R","Données estimées en utilisant les données des pays partenaires"
"TA","Animaux vivants","197","Sierra Leone","5609","Importations - Quantité","1057","Poulets","2018","2018","1000 têtes","451","R","Données estimées en utilisant les données des pays partenaires"
"TA","Animaux vivants","200","Singapour","5609","Importations - Quantité","1057","Poulets","2017","2017","1000 têtes","46829","","Donnée officielle"
"TA","Animaux vivants","200","Singapour","5609","Importations - Quantité","1057","Poulets","2018","2018","1000 têtes","50112","","Donnée officielle"
"TA","Animaux vivants","199","Slovaquie","5609","Importations - Quantité","1057","Poulets","2017","2017","1000 têtes","59997","","Donnée officielle"
"TA","Animaux vivants","199","Slovaquie","5609","Importations - Quantité","1057","Poulets","2018","2018","1000 têtes","62309","","Donnée officielle"
"TA","Animaux vivants","198","Slovénie","5609","Importations - Quantité","1057","Poulets","2017","2017","1000 têtes","7450","","Donnée officielle"
"TA","Animaux vivants","198","Slovénie","5609","Importations - Quantité","1057","Poulets","2018","2018","1000 têtes","5815","","Donnée officielle"
"TA","Animaux vivants","201","Somalie","5609","Importations - Quantité","1057","Poulets","2017","2017","1000 têtes","14","R","Données estimées en utilisant les données des pays partenaires"
"TA","Animaux vivants","201","Somalie","5609","Importations - Quantité","1057","Poulets","2018","2018","1000 têtes","96","R","Données estimées en utilisant les données des pays partenaires"
"TA","Animaux vivants","276","Soudan","5609","Importations - Quantité","1057","Poulets","2017","2017","1000 têtes","506","Im","Données de la FAO basées sur une méthodologie d'imputation"
"TA","Animaux vivants","276","Soudan","5609","Importations - Quantité","1057","Poulets","2018","2018","1000 têtes","514","R","Données estimées en utilisant les données des pays partenaires"
"TA","Animaux vivants","277","Soudan du Sud","5609","Importations - Quantité","1057","Poulets","2017","2017","1000 têtes","5","*","Chiffre non officiel"
"TA","Animaux vivants","277","Soudan du Sud","5609","Importations - Quantité","1057","Poulets","2018","2018","1000 têtes","2","*","Chiffre non officiel"
"TA","Animaux vivants","38","Sri Lanka","5609","Importations - Quantité","1057","Poulets","2017","2017","1000 têtes","560","","Donnée officielle"
"TA","Animaux vivants","38","Sri Lanka","5609","Importations - Quantité","1057","Poulets","2018","2018","1000 têtes","540","R","Données estimées en utilisant les données des pays partenaires"
"TA","Animaux vivants","210","Suède","5609","Importations - Quantité","1057","Poulets","2017","2017","1000 têtes","391","","Donnée officielle"
"TA","Animaux vivants","210","Suède","5609","Importations - Quantité","1057","Poulets","2018","2018","1000 têtes","357","","Donnée officielle"
"TA","Animaux vivants","211","Suisse","5609","Importations - Quantité","1057","Poulets","2017","2017","1000 têtes","531","","Donnée officielle"
"TA","Animaux vivants","211","Suisse","5609","Importations - Quantité","1057","Poulets","2018","2018","1000 têtes","750","Im","Données de la FAO basées sur une méthodologie d'imputation"
"TA","Animaux vivants","207","Suriname","5609","Importations - Quantité","1057","Poulets","2017","2017","1000 têtes","65","","Donnée officielle"
"TA","Animaux vivants","208","Tadjikistan","5609","Importations - Quantité","1057","Poulets","2017","2017","1000 têtes","600","R","Données estimées en utilisant les données des pays partenaires"
"TA","Animaux vivants","208","Tadjikistan","5609","Importations - Quantité","1057","Poulets","2018","2018","1000 têtes","1003","R","Données estimées en utilisant les données des pays partenaires"
"TA","Animaux vivants","39","Tchad","5609","Importations - Quantité","1057","Poulets","2017","2017","1000 têtes","234","R","Données estimées en utilisant les données des pays partenaires"
"TA","Animaux vivants","39","Tchad","5609","Importations - Quantité","1057","Poulets","2018","2018","1000 têtes","121","R","Données estimées en utilisant les données des pays partenaires"
"TA","Animaux vivants","167","Tchéquie","5609","Importations - Quantité","1057","Poulets","2017","2017","1000 têtes","14401","","Donnée officielle"
"TA","Animaux vivants","167","Tchéquie","5609","Importations - Quantité","1057","Poulets","2018","2018","1000 têtes","9235","","Donnée officielle"
"TA","Animaux vivants","216","Thaïlande","5609","Importations - Quantité","1057","Poulets","2017","2017","1000 têtes","1513","","Donnée officielle"
"TA","Animaux vivants","216","Thaïlande","5609","Importations - Quantité","1057","Poulets","2018","2018","1000 têtes","1356","","Donnée officielle"
"TA","Animaux vivants","176","Timor-Leste","5609","Importations - Quantité","1057","Poulets","2017","2017","1000 têtes","1","","Donnée officielle"
"TA","Animaux vivants","176","Timor-Leste","5609","Importations - Quantité","1057","Poulets","2018","2018","1000 têtes","150","R","Données estimées en utilisant les données des pays partenaires"
"TA","Animaux vivants","217","Togo","5609","Importations - Quantité","1057","Poulets","2017","2017","1000 têtes","40","F","Estimation FAO"
"TA","Animaux vivants","217","Togo","5609","Importations - Quantité","1057","Poulets","2018","2018","1000 têtes","500","","Donnée officielle"
"TA","Animaux vivants","219","Tonga","5609","Importations - Quantité","1057","Poulets","2017","2017","1000 têtes","14","*","Chiffre non officiel"
"TA","Animaux vivants","219","Tonga","5609","Importations - Quantité","1057","Poulets","2018","2018","1000 têtes","19","*","Chiffre non officiel"
"TA","Animaux vivants","220","Trinité-et-Tobago","5609","Importations - Quantité","1057","Poulets","2017","2017","1000 têtes","585","R","Données estimées en utilisant les données des pays partenaires"
"TA","Animaux vivants","220","Trinité-et-Tobago","5609","Importations - Quantité","1057","Poulets","2018","2018","1000 têtes","585","R","Données estimées en utilisant les données des pays partenaires"
"TA","Animaux vivants","222","Tunisie","5609","Importations - Quantité","1057","Poulets","2017","2017","1000 têtes","1031","","Donnée officielle"
"TA","Animaux vivants","222","Tunisie","5609","Importations - Quantité","1057","Poulets","2018","2018","1000 têtes","65","","Donnée officielle"
"TA","Animaux vivants","213","Turkménistan","5609","Importations - Quantité","1057","Poulets","2017","2017","1000 têtes","18208","R","Données estimées en utilisant les données des pays partenaires"
"TA","Animaux vivants","213","Turkménistan","5609","Importations - Quantité","1057","Poulets","2018","2018","1000 têtes","2642","R","Données estimées en utilisant les données des pays partenaires"
"TA","Animaux vivants","223","Turquie","5609","Importations - Quantité","1057","Poulets","2017","2017","1000 têtes","1370","","Donnée officielle"
"TA","Animaux vivants","223","Turquie","5609","Importations - Quantité","1057","Poulets","2018","2018","1000 têtes","1245","","Donnée officielle"
"TA","Animaux vivants","230","Ukraine","5609","Importations - Quantité","1057","Poulets","2017","2017","1000 têtes","62643","","Donnée officielle"
"TA","Animaux vivants","230","Ukraine","5609","Importations - Quantité","1057","Poulets","2018","2018","1000 têtes","72713","","Donnée officielle"
"TA","Animaux vivants","234","Uruguay","5609","Importations - Quantité","1057","Poulets","2017","2017","1000 têtes","446","","Donnée officielle"
"TA","Animaux vivants","234","Uruguay","5609","Importations - Quantité","1057","Poulets","2018","2018","1000 têtes","382","","Donnée officielle"
"TA","Animaux vivants","155","Vanuatu","5609","Importations - Quantité","1057","Poulets","2017","2017","1000 têtes","43","R","Données estimées en utilisant les données des pays partenaires"
"TA","Animaux vivants","155","Vanuatu","5609","Importations - Quantité","1057","Poulets","2018","2018","1000 têtes","34","R","Données estimées en utilisant les données des pays partenaires"
"TA","Animaux vivants","236","Venezuela (République bolivarienne du)","5609","Importations - Quantité","1057","Poulets","2017","2017","1000 têtes","203","Im","Données de la FAO basées sur une méthodologie d'imputation"
"TA","Animaux vivants","236","Venezuela (République bolivarienne du)","5609","Importations - Quantité","1057","Poulets","2018","2018","1000 têtes","100","F","Estimation FAO"
"TA","Animaux vivants","237","Viet Nam","5609","Importations - Quantité","1057","Poulets","2017","2017","1000 têtes","1962","Im","Données de la FAO basées sur une méthodologie d'imputation"
"TA","Animaux vivants","237","Viet Nam","5609","Importations - Quantité","1057","Poulets","2018","2018","1000 têtes","2301","Im","Données de la FAO basées sur une méthodologie d'imputation"
"TA","Animaux vivants","249","Yémen","5609","Importations - Quantité","1057","Poulets","2017","2017","1000 têtes","2000","F","Estimation FAO"
"TA","Animaux vivants","249","Yémen","5609","Importations - Quantité","1057","Poulets","2018","2018","1000 têtes","2000","F","Estimation FAO"
"TA","Animaux vivants","251","Zambie","5609","Importations - Quantité","1057","Poulets","2017","2017","1000 têtes","513","Im","Données de la FAO basées sur une méthodologie d'imputation"
"TA","Animaux vivants","251","Zambie","5609","Importations - Quantité","1057","Poulets","2018","2018","1000 têtes","960","","Donnée officielle"
"TA","Animaux vivants","181","Zimbabwe","5609","Importations - Quantité","1057","Poulets","2017","2017","1000 têtes","403","","Donnée officielle"
"TA","Animaux vivants","181","Zimbabwe","5609","Importations - Quantité","1057","Poulets","2018","2018","1000 têtes","1174","","Donnée officielle"
